tipo_ruido,magnitud,dB,dW,norma_inf,n_pares,n_pares_tau,persistencia_total,vida_maxima,entropia,sample
gaussiano,0.01,0.032539816535846255,0.06164443043114576,0.0346206697817395,5,4,6.939572337518507,3.2168418459477355,1.1452044773253354,803
gaussiano,0.05,0.3021380092442243,0.7487697733980738,0.3029501991818271,5,3,6.729489146040091,2.9464067114274877,1.1279052513151266,803
gaussiano,0.1,0.27385209714936876,0.7976782612681613,0.34200799577461205,5,3,6.887440490762942,2.916099612313058,1.083712727760779,803
gaussiano,0.2,0.9099171475112784,1.929197104172448,1.1852280740783283,5,3,4.446875520632142,1.906261615415855,1.0624423364475983,803
gaussiano,0.5,2.0742374096452068,4.473836873151283,3.565960398450289,3,2,7.035150400515478,5.997475239858161,0.4183455873995868,803
acotado,0.01,0.020434442159540378,0.04941145420950355,0.026383355888303206,5,4,6.97187699193129,3.200110662986285,1.154402746696078,803
acotado,0.05,0.12975257047530264,0.3492710520870229,0.13863458856709565,5,4,7.157735276918065,3.2233519338681376,1.1585607427708502,803
acotado,0.1,0.21637457302647473,0.4594166036672778,0.3371510275909875,5,4,6.430287965027217,3.202188212544991,1.1153146926701942,803
acotado,0.2,0.38760944649253304,0.8809646884444696,0.9237447901001645,5,4,5.776554140231231,2.5018918661973,1.2138685118736594,803
acotado,0.5,0.7969885250278126,1.5112914972882974,1.1561283402228353,5,3,6.306254953213614,3.4242021630054644,0.950483709744144,803
gaussiano,0.01,0.0442759164583455,0.13678347939993282,0.06682852566633013,5,4,10.079573250951409,4.407737493879403,1.1872348556543626,124
gaussiano,0.05,0.30015393139870783,0.6134187584161337,0.3073344758319645,5,4,9.581844034440227,3.8997545120961785,1.2025933575750711,124
gaussiano,0.1,0.3894479880413273,0.978057509912539,0.6038691857563878,5,4,9.138776294314365,3.993594467183967,1.1839593038364031,124
gaussiano,0.2,0.9826553529754314,2.8791068379592364,1.5189128582153257,5,4,11.872450802406291,6.212010340030789,1.0649720799299385,124
gaussiano,0.5,2.1344723025025916,4.8604613829048935,3.58022653483299,4,3,11.035802007495757,6.384628301716825,0.8757926719608251,124
acotado,0.01,0.028288095334259467,0.0573024792842487,0.02860846430632802,5,4,10.025590793103614,4.4081131910295674,1.1870603439072935,124
acotado,0.05,0.09228909273605268,0.27101431645515467,0.11014099707817548,5,4,10.116472882161435,4.456184365861019,1.1738285703440088,124
acotado,0.1,0.23719234203715167,0.545675530994563,0.2459586639692587,5,4,9.703190945493043,4.295090132346239,1.1888436585334983,124
acotado,0.2,0.6937654525558044,1.5354905027010928,0.6975904018891397,5,4,11.146844518454085,5.388614559226607,1.1250144359970609,124
acotado,0.5,0.8336805311495836,2.0717593336491085,1.3269715966851052,5,4,11.719918372016025,4.773053474217837,1.252114221210719,124
gaussiano,0.01,0.030462568963673053,0.08526044109382713,0.03779604483565113,5,4,14.75645584249028,6.946141709220989,1.1289968541760782,350
gaussiano,0.05,0.10776513393433251,0.2300244777357312,0.11952920932035971,5,4,14.544389478355237,6.8406723326899534,1.1375127537739063,350
gaussiano,0.1,0.49942206115334264,1.2544557548154693,0.5265577390619067,5,4,13.977017308158207,6.541165229980839,1.1014701311202493,350
gaussiano,0.2,0.9505210854939898,2.772875878748321,1.0910987149419547,5,4,16.34983945224488,6.026303473449895,1.2152416706407583,350
gaussiano,0.5,2.796572447517904,5.488676397909419,3.3036353323438137,5,4,9.779177596957302,4.556648239675909,1.1751460712441237,350
acotado,0.01,0.02128056879495288,0.054015631576253664,0.036086457374276626,5,4,14.706479310316027,6.9216263325687795,1.1332895848498543,350
acotado,0.05,0.10148378646926126,0.2676716859317534,0.1324444289657576,5,4,14.770011916662753,6.945738975268458,1.1468428530111132,350
acotado,0.1,0.28143976701416484,0.49972023090476725,0.28413107154638606,5,4,15.18402089165237,7.371654651903331,1.1203466428276485,350
acotado,0.2,0.7210082031034282,1.3354713899679558,0.7528356370753277,5,4,14.198280294233875,7.033296117405892,1.1144321619387345,350
acotado,0.5,0.9020079126692082,2.1824046566527264,1.5660139769672583,5,4,15.429286437112339,7.854213037453439,1.1165666146208544,350
gaussiano,0.01,0.06339126958078367,0.09386892490138943,0.0638260271204174,4,3,7.42761163438378,3.49668436675119,0.9370991753112958,682
gaussiano,0.05,0.13199348117405285,0.2683465006495831,0.2690732976419741,4,3,7.354214541992031,3.583255143659696,0.9087996610926901,682
gaussiano,0.1,0.4517213024070339,0.8772447030165498,0.4699936466656305,4,3,6.664813698292966,3.0985543347259554,0.9765767468829998,682
gaussiano,0.2,0.9070326265802939,2.0023612479896187,1.5811054344402158,4,3,7.522850565825184,4.1688478230499575,0.9356956388180637,682
gaussiano,0.5,1.4407242784047551,3.1351538236080208,3.1628812618695625,5,4,8.438080727674873,5.528121920921829,0.896824432954568,682
acotado,0.01,0.023836380341089036,0.041166570780136524,0.032785844337385406,4,3,7.30122837738069,3.455446739706301,0.9315638278571027,682
acotado,0.05,0.12131076298090482,0.27528106423079934,0.1486341445060787,4,3,7.5071435258164065,3.4411718206295747,0.939137313003084,682
acotado,0.1,0.20135649119207777,0.36512977695836296,0.26067186973951967,4,3,7.828759974469321,3.756783356784193,0.9275440135871302,682
acotado,0.2,0.21818970291697903,0.48702669260061765,0.6518118317008051,5,4,7.802526569770934,3.5165660006017987,1.008463511642553,682
acotado,0.5,0.7272259301762809,1.2557597328813037,1.3548460078619875,4,3,6.779055050109511,3.473984263969414,0.8828366333271811,682
gaussiano,0.01,0.05819215150190926,0.12720563159549325,0.06168614390533983,4,2,5.677244575057491,3.2041473758577292,0.733631222034233,1326
gaussiano,0.05,0.13608832515756375,0.3547024648907087,0.18069770380906025,4,3,6.346916028587542,3.442526821535827,0.831883840042059,1326
gaussiano,0.1,0.28644692791403614,0.6234547692174637,0.34573414328824253,4,3,6.355429116382554,3.7837623726723586,0.7968601612923665,1326
gaussiano,0.2,1.1640537338106234,1.7549488248345078,1.2361569886623558,6,3,4.698176973510132,3.563282110288164,0.6990947784004097,1326
gaussiano,0.5,1.2309353130790872,1.8747925175506432,2.529723544691291,3,2,6.953525851471104,3.6878144054097426,0.6913035933544005,1326
acotado,0.01,0.01204356439501475,0.03238264829222132,0.024999860067391078,4,2,5.7477355954908305,3.286032213263097,0.7103509735820479,1326
acotado,0.05,0.09203714947475111,0.19593152871159156,0.1090865847688619,5,2,5.722204687253063,3.283008496170998,0.7264158812635766,1326
acotado,0.1,0.13191103555183847,0.2877407617962249,0.3042341746601047,5,2,6.086483495057647,3.492613823963654,0.7441107518823997,1326
acotado,0.2,0.41759359073298163,0.8399887188294183,0.6002334276831011,4,3,6.785205173762728,3.0986434617618506,0.9801062712978036,1326
acotado,0.5,0.5664780927283872,1.2071771557963913,1.8035172068466578,4,3,5.929129779611865,3.1412361247307317,0.9580272821205624,1326
gaussiano,0.01,0.027004937183197963,0.05477772901202049,0.029052630813851454,5,3,9.805594228124521,5.183348779842751,0.9601004898439789,976
gaussiano,0.05,0.21234983281840836,0.4022685959169182,0.23763425271818395,4,3,9.548682926784082,5.206260852311964,0.956022307545036,976
gaussiano,0.1,0.1403053560621048,0.38955242994783257,0.399703515241808,5,3,9.391465543985245,4.929056568848607,0.9943400470247563,976
gaussiano,0.2,0.9933958599507511,2.1634196997001545,1.129475141447381,5,3,9.568826568444695,5.096234335875401,1.0426337723231554,976
gaussiano,0.5,0.9680531425504295,2.808072245631759,2.4263035660020753,5,4,13.102411087781126,5.489158045056744,1.2607316181259087,976
acotado,0.01,0.017481625822162616,0.04081158392266859,0.034281283107202576,5,3,9.741164077202129,5.16631739329701,0.9578611651029907,976
acotado,0.05,0.11110485956884508,0.21817903565257635,0.15683395522838905,4,3,9.586363616550763,5.131129543274335,0.9472952393347502,976
acotado,0.1,0.21375845402183802,0.4920534045744095,0.2859396734063173,4,3,10.374031453686776,5.421331687399347,0.971936460869852,976
acotado,0.2,0.5431398646692713,1.4290508349279873,0.548253354751225,5,4,11.593779050352005,5.502876820543322,1.1081489194637766,976
acotado,0.5,0.7798372167415404,1.8176193851139786,1.2126152231878962,4,3,8.738038955279642,4.505690252285296,0.8419226339259869,976
gaussiano,0.01,0.03691725866043516,0.07681620578187154,0.04131182208447681,5,3,15.956542345350194,6.28963517702228,1.090501544766979,1493
gaussiano,0.05,0.1299976718703335,0.3641681938005845,0.27205160371583526,4,3,16.16130534748723,6.451812520043721,1.0888790242061757,1493
gaussiano,0.1,0.36485573624725065,0.7629574166885782,0.4461697563995093,4,3,16.329984704717095,6.386032014608093,1.0901533331434088,1493
gaussiano,0.2,0.590913897827138,1.2980945821133187,1.0193998510027806,4,3,16.694630480954032,6.144508218273607,1.095717634474331,1493
gaussiano,0.5,1.4231116705431042,2.936534525409793,2.498516059117043,4,3,11.489478081897738,4.8073732602925645,1.0827434794315964,1493
acotado,0.01,0.016443669455317167,0.03971171845882182,0.03839481704709813,4,3,15.926416219392335,6.311845524130144,1.0899299219699303,1493
acotado,0.05,0.11864494260363667,0.291480141689481,0.1416516953616389,4,3,16.15784491116866,6.345345664203005,1.0908685856357594,1493
acotado,0.1,0.19417845165141712,0.33429535067072225,0.3062608961371878,4,3,15.564688481879626,6.402526590014499,1.0852786553375857,1493
acotado,0.2,0.5392060727480483,1.2307978170513243,0.6461600105723972,5,3,16.060841381212885,6.478913553637591,1.081013125243368,1493
acotado,0.5,0.7957532425777856,2.223414590998013,2.0413680451821885,4,3,13.489532799493412,5.547913532374073,1.0843141677241033,1493
gaussiano,0.01,0.044262230377716705,0.13114893947102135,0.04946892275034109,5,4,9.732975557311441,4.097392810565021,1.3055612223051243,706
gaussiano,0.05,0.31394173188992713,0.6996531044416154,0.3175665240976122,5,4,10.31688205879625,4.342291472573559,1.3077301707632305,706
gaussiano,0.1,0.5163921166819376,1.2316458384623026,0.5647326301106741,5,4,7.85374446275097,3.35070573170051,1.2506628366519665,706
gaussiano,0.2,0.7215215660473178,2.0310900247056436,0.9719130582234525,5,4,11.503279889520499,5.290400391259888,1.2570844826741965,706
gaussiano,0.5,2.327537686599123,6.3212303971423704,2.5406851877518157,5,4,16.938115720751817,7.575690846036881,1.1033894343196866,706
acotado,0.01,0.014639230153330463,0.045705541066526356,0.029882955470454275,5,4,9.780398327404534,4.1712649422821695,1.3013949841052395,706
acotado,0.05,0.16180762507989455,0.36290994772923524,0.16392639340952614,5,4,9.580084956106003,4.171513730083773,1.2966847426013213,706
acotado,0.1,0.3002698064792655,0.6151265705480174,0.4883648091139605,5,4,9.377748955825544,4.25954311813227,1.259265895964131,706
acotado,0.2,0.4373733835036535,1.2969148877444456,0.6575635748427134,5,4,9.350161926607724,3.9412257807242677,1.3140926355293745,706
acotado,0.5,0.9358426473596264,3.1735763057641813,1.781129228505955,5,4,11.338396813467767,3.8793770474915847,1.3295534018750177,706
gaussiano,0.01,0.03589851302306868,0.1061642292693753,0.037798227667469764,5,4,5.429926741266802,2.1657879834030185,1.2826256709451336,613
gaussiano,0.05,0.16483369605385345,0.2905518290704721,0.19697665144378318,5,4,5.667447682489568,2.247192204105732,1.2669130896615048,613
gaussiano,0.1,0.8288791058971594,1.0430379777315268,0.5112316158282173,5,4,6.229100148402338,2.4763623300976505,1.2710146756419411,613
gaussiano,0.2,1.0165379136655353,1.9907691537658092,1.243916157506192,5,4,7.429061087007044,2.535604512628492,1.3503822382428985,613
gaussiano,0.5,0.6473524327663207,1.613637961532218,3.266780326462424,5,3,5.385670917212947,2.1069890196718557,1.102729885299218,613
acotado,0.01,0.01863622361922107,0.03481805221511841,0.019078147402027068,5,4,5.507872209009763,2.183643175461793,1.2840194186825442,613
acotado,0.05,0.149304578820878,0.38893471594274565,0.19293117302987817,5,4,5.5795457693534605,2.109290222100719,1.2913470940478502,613
acotado,0.1,0.23071036955793534,0.7445249579545021,0.2604994103375337,5,4,5.152121787612664,2.3921589893477275,1.2089978867724216,613
acotado,0.2,0.24683762483086685,0.6794246522196541,0.7482007769129938,5,3,4.759098329976677,2.3127035306906345,1.1043949195751976,613
acotado,0.5,0.6327572568113595,2.0907990459573322,0.6966738508465794,5,4,4.24867803273405,2.326741531822714,1.1788823108958062,613
gaussiano,0.01,0.04535132018832477,0.13724555578315012,0.05983814412398081,5,4,11.92071627885605,4.551323014642256,1.2517231400218773,1587
gaussiano,0.05,0.15177514928513158,0.42521186992594956,0.2585396085464927,5,4,11.99852979353603,4.395008329144069,1.2775611200247643,1587
gaussiano,0.1,0.24898966239420506,0.8063553978036725,0.3781426182570037,5,4,11.299045318075887,4.286781475761652,1.2598359328029605,1587
gaussiano,0.2,0.7419774841298019,2.2834017251875665,0.9001845539437028,5,4,10.834673119045494,3.92178803614671,1.2817857573916167,1587
gaussiano,0.5,1.0223911478297252,3.302403995706601,3.226686116941927,5,4,9.117826505125157,3.599610753660477,1.1911351651297726,1587
acotado,0.01,0.019134505676877023,0.055963286833061066,0.03539547399905585,5,4,11.782228789748988,4.480435309691267,1.2535813460155572,1587
acotado,0.05,0.13817663728004348,0.3172448255630317,0.14952518924089864,5,4,11.769309467326691,4.512760938218769,1.2539975480122738,1587
acotado,0.1,0.23600895430187796,0.6637758888524864,0.2951683890538823,5,4,11.177480353992179,4.247834955074483,1.261202074583805,1587
acotado,0.2,0.39154952885035055,1.1982949434113936,0.520681481894331,5,4,11.462308395595464,4.735602100668826,1.2282364908666663,1587
acotado,0.5,0.9226055670352928,3.1172762195069286,1.3785854706008374,5,3,10.9129150806132,5.155461522006172,0.8893950802427233,1587
gaussiano,0.01,0.0467371891481958,0.12936707174601159,0.051984063841305606,5,4,13.3985335209567,6.606870158191931,1.097972605751227,513
gaussiano,0.05,0.22544938554833394,0.5725721779273583,0.22655310159618303,5,4,13.186189813441704,6.639738074497877,1.0871165416559905,513
gaussiano,0.1,0.42779768978448907,0.9252037350651741,0.48693883453356257,5,4,14.25629144633659,6.530994091113548,1.127076699871845,513
gaussiano,0.2,0.8440600388536645,2.6827548186761456,0.8617914774607025,5,4,15.556855203800716,6.382188906151901,1.2028735733666502,513
gaussiano,0.5,1.2653250842044947,3.5315507461307667,1.5230659845707413,5,4,15.872421521625718,6.963553446206495,1.218378801073774,513
acotado,0.01,0.021060055911593878,0.0587722785223288,0.022364607923535118,5,4,13.313048697784936,6.573987993232395,1.0912129534556578,513
acotado,0.05,0.12382372375925632,0.3031335470351253,0.13814683617224577,5,4,13.289776090000503,6.609531333599346,1.1107310952623803,513
acotado,0.1,0.2955092843555638,0.610599608007451,0.3591303595769957,5,4,13.639259997286361,6.536051363123898,1.0955802497502265,513
acotado,0.2,0.20133767997565633,0.6059599948651269,0.7512595096865311,4,3,12.827944655749166,6.708845377281231,0.9656394866262283,513
acotado,0.5,1.2118857370782758,2.0473922624053813,1.9517626616498487,6,4,13.029595686790419,6.6128790457922335,1.105491796067027,513
gaussiano,0.01,0.06109789254382347,0.1447319880055412,0.06813818133813343,4,3,10.370464329550384,4.614058684303695,1.0681211251213587,1505
gaussiano,0.05,0.187748101309976,0.4913246702961533,0.20827352648172948,5,3,9.616106862775355,4.199145548029733,1.0838095362564175,1505
gaussiano,0.1,0.16055006469475552,0.38181842827447054,0.38830717545333115,4,3,10.619588035409878,4.751378698894762,1.0684999747457562,1505
gaussiano,0.2,1.2517235131661617,1.7344174700188777,1.3608081755344863,5,4,12.992861657378418,5.020055582643298,1.1748622118314611,1505
gaussiano,0.5,1.5830018199620914,4.199888131664531,3.3427190096748753,5,4,11.915254008627567,5.7569779490973385,1.2334414150919772,1505
acotado,0.01,0.024828545963455073,0.037853921687028946,0.03243419741707043,4,3,10.20557588803445,4.579724169541087,1.0657706278027965,1505
acotado,0.05,0.158655548518726,0.2965805440796522,0.17649991617526317,4,3,10.561468481717991,4.868769013081222,1.0605402707672564,1505
acotado,0.1,0.3778979670541819,0.6217322081423119,0.3883663804680586,5,3,9.9829348078606,4.20586124099299,1.07237181887119,1505
acotado,0.2,0.6646401689528738,1.0219331532842975,0.6752348497089937,5,3,9.250591843843633,4.666428069578667,1.026353009819365,1505
acotado,0.5,0.5381174520209897,1.5174209173454316,0.9531440649182562,5,4,12.210499037339996,5.1834329483524355,1.2649089205199258,1505
gaussiano,0.01,0.0498949650897631,0.09478285846414114,0.05001742632327172,5,4,6.252462093107413,3.13030021183257,1.0621877375350874,1525
gaussiano,0.05,0.07759801262588617,0.283886349909532,0.15313098687336135,5,4,6.439814522499994,3.2342034791125873,1.0920034377355936,1525
gaussiano,0.1,0.34838200460832647,0.9947188568196537,0.5503711308921138,5,4,7.762212059195675,3.767629022442226,1.1302415826673435,1525
gaussiano,0.2,0.944263178184934,1.952556359085418,1.3155481232236286,3,2,3.5310266962311223,2.3150514569309384,0.6438908033704969,1525
gaussiano,0.5,0.9284556976451714,1.9774570440608856,2.7453035609777494,4,3,6.581682035243775,4.5290646544684545,0.7771031629773337,1525
acotado,0.01,0.017405127839337453,0.05044840623201674,0.02655321030811908,5,4,6.27084184451035,3.150563151213123,1.0424772305651209,1525
acotado,0.05,0.0899334092212678,0.26874762489090587,0.15817556965223822,5,4,6.201173118765784,3.073666576359003,1.0786376558741309,1525
acotado,0.1,0.14841098394244534,0.3345451557916431,0.31510952246360235,5,3,6.29117357089518,3.1491172366342397,1.00638104879045,1525
acotado,0.2,0.4636418378979852,0.7107765287216625,0.57578034150669,4,3,6.241790548861534,3.225784574442586,0.9966365977807963,1525
acotado,0.5,0.8570905274646288,1.7815210177762741,1.4043807044431114,5,4,6.221164554679328,3.6153530258034823,1.1078213328522875,1525
gaussiano,0.01,0.04366186802664318,0.101661567464438,0.04366186802664318,6,5,9.919972452991075,4.76851165157477,1.4050685742243145,1568
gaussiano,0.05,0.23414938832893828,0.7176978171809483,0.23440753665838,6,5,9.195607712017864,4.539595058395309,1.3845776627713606,1568
gaussiano,0.1,0.2808560212504414,1.077880543099371,0.4227840454925018,6,5,9.56822740634961,4.501494384919304,1.4020740400975762,1568
gaussiano,0.2,1.0722692571462002,3.6255842087919596,1.325044235721268,6,5,13.248012083887813,5.319128683245427,1.4048822591438417,1568
gaussiano,0.5,1.2454630699299125,6.193898325334866,2.160298126704921,6,5,15.311902818742638,6.017344271171926,1.5113150612210684,1568
acotado,0.01,0.02272617125825882,0.06989180147930496,0.02593900484196965,6,5,9.940118505767416,4.731437816709909,1.4103013500321309,1568
acotado,0.05,0.10764187070732034,0.35634426766153104,0.12852374280055484,6,5,10.197503321591833,4.863488661334436,1.4087227699909834,1568
acotado,0.1,0.2659889686905377,0.6190119847075816,0.30460567046716913,6,5,9.965597094962904,4.78972396376064,1.4011960539695245,1568
acotado,0.2,0.5272905511101817,1.527807220731895,0.5725736999965627,6,5,11.232441366216511,4.855190803463367,1.4617781704545822,1568
acotado,0.5,1.3944997839329747,3.8633320185571414,1.4127082636769015,6,4,7.557377203060575,3.1570499953467985,1.2091125013465245,1568
gaussiano,0.01,0.03378257243458194,0.11991255012490376,0.037597582016690057,6,5,7.426024671544864,3.129633306197892,1.4032439061088464,220
gaussiano,0.05,0.29506208736650574,0.7849240782026999,0.31775463790312153,6,5,7.534809002037353,3.362083355260374,1.3476590561630215,220
gaussiano,0.1,0.2685919548278528,0.9305551615680059,0.2788228474640253,6,5,7.613234346227037,3.068113127552905,1.452679089148259,220
gaussiano,0.2,1.1827017124756738,3.4277013595868357,1.8902609023769221,6,5,13.118891418839473,4.324882706816522,1.492658363553323,220
gaussiano,0.5,0.9640372929072618,3.586577879150763,3.1134693558776196,4,3,7.806543839332592,3.462185362032011,1.049075477969096,220
acotado,0.01,0.026257098286163794,0.07876641977684068,0.033929921206028,6,5,7.3838354359532525,3.1502921644272392,1.3889993053916028,220
acotado,0.05,0.13198031401105936,0.4060341858524475,0.13710996885691162,6,5,7.589952271753033,3.260828940856305,1.3970546313476548,220
acotado,0.1,0.203207972663612,0.7260690349975677,0.2619342862679024,6,5,7.625793585276088,3.2468187760369096,1.407941968730386,220
acotado,0.2,0.5054111526558038,1.3984964133260818,0.5880396737961976,6,5,8.377631280770407,3.0953526559110376,1.5119654830275187,220
acotado,0.5,1.5264714976686906,3.67883789264802,1.7417475359781074,6,5,10.923682389919307,4.460200883237167,1.3528145350568193,220
gaussiano,0.01,0.040286390032586716,0.15103102678364266,0.04798112857906256,6,4,18.47128156659137,7.16596114331073,1.2620815189187327,1010
gaussiano,0.05,0.3092075529236151,0.6649788757537696,0.3092075529236151,5,4,18.467712495877876,6.959776726383327,1.245583046862465,1010
gaussiano,0.1,0.5050361435566204,1.5221373217259244,0.6812065360571085,5,4,16.53050009264642,6.7189832202805135,1.1798836787085916,1010
gaussiano,0.2,0.5611481406656935,2.0514309652627465,0.7943761454156082,5,4,20.339856974977934,7.8889756694759505,1.2962702511987971,1010
gaussiano,0.5,1.4475051093744207,4.811868445924295,3.310628458801796,5,4,20.48211420744083,8.574022009021443,1.3072385185654625,1010
acotado,0.01,0.0290144367314209,0.08110227659255742,0.031512342777118896,6,4,18.171766591989975,7.050330102790359,1.256443913146679,1010
acotado,0.05,0.0944964497820493,0.27145177306146573,0.11583434128612646,5,4,18.08778863970501,7.157749578031595,1.251801400146463,1010
acotado,0.1,0.18196273449916278,0.5191449078691491,0.29730063269678375,5,4,18.52316708755126,7.389410248880404,1.2526969950594098,1010
acotado,0.2,0.39233827638155705,1.1660324038653507,0.6715888061718547,5,4,18.96143886821511,7.312142394220668,1.247251199465083,1010
acotado,0.5,0.8227777498478099,2.518695996782614,1.1543221896525688,5,4,15.582571841980727,7.049313045928594,1.1311392716008781,1010
gaussiano,0.01,0.037401515726022794,0.08164943949839465,0.037401515726022794,4,2,6.691102161940207,4.576634729740339,0.6548835082934323,30
gaussiano,0.05,0.19777028721735984,0.35732880628171765,0.19825572643371803,4,2,6.695707834245161,4.366650520477988,0.6929842794790164,30
gaussiano,0.1,0.34596601450016906,0.43579999824925253,0.43357098779975956,3,2,5.967063170994772,3.908637437877467,0.6442736969860101,30
gaussiano,0.2,1.2362217384386165,2.6490170823245167,1.456739938530006,5,4,10.630060177026092,5.114795195838507,1.0761264585155546,30
gaussiano,0.5,0.9107059665265003,1.744826897557616,2.5975457434095013,5,4,6.874604269661128,4.961474727167289,0.8326219346304049,30
acotado,0.01,0.027759371072031414,0.04324636825395212,0.03361664475542181,4,2,6.6439042433756725,4.543517816370088,0.6510926556024565,30
acotado,0.05,0.09399846590556016,0.18546077624182983,0.1206407240964269,5,2,6.535521545420043,4.53839772345256,0.6757371672062417,30
acotado,0.1,0.13107369090217036,0.2812316652360804,0.30242235286181796,5,2,6.458279405551858,4.469070276093464,0.647254196808517,30
acotado,0.2,0.32427402091044866,0.685279517586582,0.5944413764730325,4,2,6.406293495395513,4.104115838994024,0.6926559540605781,30
acotado,0.5,0.8944253384074532,1.7266628870152818,1.1049380118688599,6,4,4.586523361925153,2.9578160897586896,0.9530168894699427,30
gaussiano,0.01,0.03945746653090121,0.08011479477905054,0.04158531716941383,5,4,5.548447446847209,2.1267850354925977,1.2675716794827823,942
gaussiano,0.05,0.2489389104065759,0.538326317289217,0.28083885071004366,5,4,5.455361238334573,2.0112704699298023,1.2724671685439324,942
gaussiano,0.1,0.48270241288003435,1.230568557656002,0.6440871974958002,5,3,3.374407762613758,1.7407175236656698,0.9266880956952239,942
gaussiano,0.2,0.8025206339312811,1.9678741656439744,1.5702815992349324,5,4,6.214474407494741,2.9945785250616357,1.2528731218640188,942
gaussiano,0.5,0.5657814093603029,2.011027844408821,3.2600361900339916,5,4,5.331543064007835,2.407659638263463,1.1171694398908558,942
acotado,0.01,0.023558465762718694,0.05921325586417592,0.023861924579867022,5,4,5.4960856656427595,2.109655128950345,1.2723714416423897,942
acotado,0.05,0.07982493824721026,0.15875509923102316,0.11088537196924014,5,4,5.610194207345591,2.1227543099193746,1.2634201091404194,942
acotado,0.1,0.36124443443520415,0.8633717884459124,0.36969534724837216,5,4,5.671652343406849,2.3939033768424287,1.2911910255715557,942
acotado,0.2,0.38153900237826455,1.224838179497283,0.44034667260794214,5,4,6.18647085286725,2.2559725604868786,1.2822314406207493,942
acotado,0.5,0.5586525140472043,1.4828279530336252,1.7883633446989786,4,3,5.889201504711506,2.4261708044914223,1.0823737552455266,942
gaussiano,0.01,0.027449716378320943,0.08397340163019029,0.02793166793686286,5,4,13.075874815136071,7.112841330947097,1.1248663662144336,481
gaussiano,0.05,0.23754862737490967,0.5454666335425089,0.25098361073324327,5,4,12.280401539624918,6.80563395504735,1.1039278245207442,481
gaussiano,0.1,0.452207021465997,1.3734714204211147,0.6052646763396772,5,4,13.957094381764033,7.555100970598524,1.1137992953778664,481
gaussiano,0.2,0.46785691255045414,1.3106868947871773,1.0451220730117097,5,4,14.338180585813106,7.981024846888733,1.1394706352330313,481
gaussiano,0.5,2.2248023527587515,6.973171961374778,2.6000555284824145,5,4,22.761057930215607,9.766567124024238,1.3082822051279668,481
acotado,0.01,0.024262007152607623,0.06755069721178852,0.02778451680052285,5,4,13.111750599533734,7.124354760622945,1.1285082191219549,481
acotado,0.05,0.1110204555982397,0.32236880344149615,0.12242793085903125,5,4,13.03479984635567,6.998862216359161,1.1271948218668018,481
acotado,0.1,0.18933025069391896,0.5221092786837183,0.3269291589043135,5,4,12.751275844597497,7.143547139489403,1.1057385158163755,481
acotado,0.2,0.6759583835878553,1.0752011751671282,0.6765417562378382,5,4,14.082267603655419,7.193797779467346,1.1780179819963457,481
acotado,0.5,1.5440879593999322,2.93632984575839,1.5571017886259293,4,3,8.780789974734436,6.785464745212806,0.692424022790131,481
gaussiano,0.01,0.035113985902086364,0.09160410242312639,0.05107846475725408,5,4,8.731432283485162,2.609964344043682,1.3659290554162427,135
gaussiano,0.05,0.1178896707081325,0.27366765657955106,0.2254960880814083,5,4,8.9687851715422,2.651688780351119,1.3707570016732624,135
gaussiano,0.1,0.4711753251467512,0.8962518157850164,0.4808932329326679,5,4,9.577698926340139,3.195767848355497,1.3433028117557355,135
gaussiano,0.2,0.8344458456644694,2.2919380726588034,1.1656388520210914,5,4,10.723771031085878,3.28185277695866,1.3487070060943778,135
gaussiano,0.5,1.2546982315554707,3.37260158892951,1.7360317479642116,5,4,7.455775502162708,2.371384117937388,1.3674259832551894,135
acotado,0.01,0.016958018340942793,0.04859456399361295,0.023072414746032166,5,4,8.763681744619062,2.6201482895640122,1.3668304893492138,135
acotado,0.05,0.09741363280021909,0.29472165295510966,0.14127347313291483,5,4,8.825828112940968,2.755791784121393,1.3617078024866152,135
acotado,0.1,0.2580407296866656,0.5846255647932631,0.2622540023309399,5,4,9.402368661818485,2.801624270713786,1.3710865177035987,135
acotado,0.2,0.45651515424524736,1.1806672591441174,0.513881351828998,5,4,10.319121120572191,3.335805784126439,1.3642886324597279,135
acotado,0.5,0.7442064775631747,1.7321875644779472,1.3786753560828027,5,4,11.343913170996327,4.0992173035964585,1.3517450453071702,135
gaussiano,0.01,0.050612132782366426,0.08066918147566804,0.05412536645798488,4,3,10.039232305400436,5.499943223858885,1.0019341202334582,65
gaussiano,0.05,0.23306485935321897,0.5093027547826019,0.233441126298779,4,3,9.91037801111375,5.170001504937488,1.023742554921971,65
gaussiano,0.1,0.3465040321763051,0.9481265666740812,0.37192227536632405,4,3,10.894729574272251,5.5198607762872225,1.0345412843156565,65
gaussiano,0.2,0.9454724840570568,2.4695271774735796,1.4199291400848104,5,4,10.481194007373976,5.8392389696769875,1.0938231403642251,65
gaussiano,0.5,1.417482996608003,3.4478805733243583,2.9620509635586716,5,4,10.21357572711798,4.612522968480965,1.24706973521255,65
acotado,0.01,0.028332950281160674,0.06150822599641037,0.032204414210456944,4,3,10.129033483669728,5.4959948091859925,1.0065549694721445,65
acotado,0.05,0.06459971703642275,0.14843350852188641,0.18281903505470742,4,3,10.121753746303554,5.490115018019553,1.0065064526585041,65
acotado,0.1,0.24487835953091075,0.48476521609556134,0.30555858571746874,5,3,10.222067578783008,5.659169027292229,1.0036323865851844,65
acotado,0.2,0.36398311609309175,0.9299901312694312,0.5142347783126566,4,3,10.098238622246566,5.379225386486609,1.0048365637823737,65
acotado,0.5,1.0855881054159449,2.189085767283419,1.8567730067676713,5,4,11.1383503574455,6.513946585236024,1.0296103465848498,65
gaussiano,0.01,0.03656727633620771,0.1200711316401859,0.037462522563757705,6,5,12.052328523581757,3.5649279253825585,1.5310723536848565,99
gaussiano,0.05,0.1853464637205715,0.5917119090907297,0.20507992615848902,6,5,12.11299726328915,3.3542521198872612,1.5583465168232884,99
gaussiano,0.1,0.2611035377917825,0.8681075806920748,0.26947643927769294,6,5,12.208025868103212,3.7122333688031652,1.5262823234805507,99
gaussiano,0.2,0.4572254971007549,1.8507635910550513,0.7679735544302377,6,5,13.040177986711965,4.01283051672109,1.5438327472559548,99
gaussiano,0.5,1.412691943010481,4.642739911356223,2.7533339477652676,6,5,14.839410965169145,5.46153830504845,1.4057136967172268,99
acotado,0.01,0.023895998744653646,0.07256520675137956,0.03458811519493732,6,5,12.23020303454437,3.5704153870345055,1.5328433242932877,99
acotado,0.05,0.14002928384792246,0.46430861129443746,0.14067703214645988,6,5,12.618697205732335,3.626061941541855,1.542421806275161,99
acotado,0.1,0.2861075082468867,0.7248697677284078,0.3073324267752451,6,5,11.599912069305214,3.5264532263792376,1.4927127993789573,99
acotado,0.2,0.5086355204204394,1.5024906733658612,0.6499652082145446,6,5,12.067907000581274,3.680551813559898,1.51057154808091,99
acotado,0.5,0.9228859206887201,3.2352275400022656,1.5619926714187553,6,5,11.5698810620327,4.063707326036607,1.309083825520689,99
gaussiano,0.01,0.020844147501067223,0.06513866472239382,0.03851765607330315,5,4,13.927151440798276,5.329168339582321,1.3077550198194632,1547
gaussiano,0.05,0.24043950929144575,0.7118045635161008,0.2834016394666725,5,4,13.167553973277126,5.159852718457876,1.2846110772796622,1547
gaussiano,0.1,0.4221436981359772,0.9403115846663125,0.5342544443812436,5,4,13.976866919043907,5.547464808934527,1.309797502389737,1547
gaussiano,0.2,1.0507373964879796,2.264670109656186,1.1118930206473823,5,4,11.920006583682103,4.984998777301107,1.2287817207646072,1547
gaussiano,0.5,1.8759122562670418,4.2371641476829955,3.334801745388293,5,3,6.939561192729132,5.180051675813292,0.7465624325532747,1547
acotado,0.01,0.019797346785880965,0.045519219638321395,0.04233181865812252,5,4,13.946883034260406,5.359029223088793,1.3069733707755324,1547
acotado,0.05,0.09400462730926096,0.20152002134257585,0.09639353822318197,5,4,13.909864970280097,5.338575534736301,1.3060524184026563,1547
acotado,0.1,0.1862585549443303,0.6057027710118525,0.2957726298505786,5,4,14.135050029055806,5.291669723456591,1.3081972878778805,1547
acotado,0.2,0.4316034822861816,1.2860029967903568,0.5473229622349942,5,4,14.241930541381667,4.987641354272234,1.3315534433049598,1547
acotado,0.5,1.0641612831888834,2.614628892970864,1.8846057885019658,5,4,12.364315994847914,5.295399953100771,1.0737085515059315,1547
gaussiano,0.01,0.08168519428922716,0.20670961319795889,0.08168519428922716,6,5,19.114147083573307,7.351056352789003,1.467208976280433,1311
gaussiano,0.05,0.26149152321786406,0.6473482617293767,0.26315977335565055,6,5,18.69816888329894,7.256848449855808,1.4521550690498735,1311
gaussiano,0.1,0.5413143040929167,1.7726960148939095,0.5844813315406144,6,5,18.898525025135704,7.5421224400717986,1.4611503476777137,1311
gaussiano,0.2,1.1856074016072373,2.2047376797637233,1.3119699446836959,6,5,16.685242017627477,7.311367106182274,1.4041869733634118,1311
gaussiano,0.5,1.3107147189435238,3.965728549219646,2.7894311462225367,6,5,20.31647146472411,7.428194207199194,1.4286065451390277,1311
acotado,0.01,0.02694589898223354,0.07998685654491955,0.028415860697141415,6,5,19.023263204126877,7.168522492518591,1.4714809525685,1311
acotado,0.05,0.1216721698856067,0.44765864711089887,0.17012269172733863,6,5,19.225318603820032,7.3062797135423185,1.467196557233775,1311
acotado,0.1,0.24607759235862137,0.980220277378242,0.2664162047981693,6,5,20.0733395223355,7.585495287347731,1.4699450017368445,1311
acotado,0.2,0.520895527931228,1.5235952602556684,0.6125691745196542,6,5,18.223599398616063,7.49394112340236,1.4456787130041628,1311
acotado,0.5,1.0253931338358893,2.9452847472654113,1.7087718680166795,6,5,22.0827178424963,7.651548838089713,1.4882854529480702,1311
gaussiano,0.01,0.09301489253461237,0.17188823855154112,0.09480913799127721,5,4,7.1616224926450105,4.267340310543686,0.9479385300963169,29
gaussiano,0.05,0.14567210164319327,0.5309562045704666,0.2522357348032105,5,4,7.060011681127753,4.001969934923801,1.0469665772790588,29
gaussiano,0.1,0.3936331376615647,1.1200611414702102,0.4627748542380159,5,4,6.033401286765131,3.589192787348259,0.9836229842182118,29
gaussiano,0.2,0.6929749851322331,1.3929218304022173,1.0743459485778049,5,4,6.930698874189057,4.11212296792296,1.045482445566834,29
gaussiano,0.5,1.0737131419453814,2.626109267414374,2.055731216748424,4,3,6.5045479169848,4.269551020597502,0.854573345617144,29
acotado,0.01,0.021634333690108143,0.05923866197251054,0.03137651519917628,5,4,7.018103953688014,4.101958678001503,0.9682705227870775,29
acotado,0.05,0.10082751454739114,0.31626990644030567,0.13724318955259407,5,4,7.081201189923894,4.2467391628953415,0.985798060785897,29
acotado,0.1,0.3118027653889279,0.38555114888268954,0.41444497294981564,5,4,7.396716266845105,4.15188948085726,1.0166586322946942,29
acotado,0.2,0.6211516275741398,1.0561866668543043,0.6642767314851878,4,3,7.639448417232109,4.886307413802492,0.8141969055015128,29
acotado,0.5,1.63339648536141,2.59785364227297,1.7579076846678543,5,4,9.841684530487555,6.508756807425685,0.9075324913138818,29
gaussiano,0.01,0.033356122620952444,0.08959787677233466,0.03956499161932614,5,4,11.73988631766749,4.66319333097611,1.2742306619286683,745
gaussiano,0.05,0.2599730313766806,0.6672136815766219,0.28615153287791406,5,4,12.436302724672483,4.850107297973869,1.2765683519902025,745
gaussiano,0.1,0.4829343224275485,1.1545101234863904,0.6327184595538902,5,4,10.660600080288948,4.5696775571681725,1.2396793476021282,745
gaussiano,0.2,0.5015541139230109,1.5989530055063967,1.0133354465274658,5,4,11.455797066796315,4.73734987263863,1.1289188284847618,745
gaussiano,0.5,0.9559694472812477,2.4828943956386977,2.046138143570621,5,3,11.171910846198186,4.574702519967663,1.1080944640338297,745
acotado,0.01,0.035553364746641725,0.08154502917749529,0.03714806840137341,5,4,11.71148557356007,4.659611767399953,1.2752379986995028,745
acotado,0.05,0.13071237324341523,0.2928313222666772,0.20559831908745396,5,4,11.626277960141987,4.494263572906977,1.2770522786399798,745
acotado,0.1,0.2581136581592445,0.6475529394422104,0.2902455313223755,5,4,12.540404852392331,4.980568371854999,1.266358169199431,745
acotado,0.2,0.3859776924581949,1.4112709441389777,0.5192625001229676,5,4,13.680514926447554,5.210617453782195,1.302992712625827,745
acotado,0.5,0.9400298606753383,3.231575533913524,1.3076624842396565,6,4,9.99478127013358,5.19600034127695,1.176600416414134,745
gaussiano,0.01,0.059289581598020114,0.09686839973746597,0.06761949864974026,4,3,15.032378596972006,5.760144052207224,1.0895953805138854,538
gaussiano,0.05,0.2739178547580359,0.5514440021365525,0.32785103753144873,4,3,15.581877067865188,6.204127642394086,1.0830421037639348,538
gaussiano,0.1,0.4267811644687851,0.9040718398475542,0.535031514624968,4,3,16.397956799804696,6.301675162880372,1.0859878125678957,538
gaussiano,0.2,1.109843793283865,1.5753024595942364,1.1587366809530306,4,3,12.793212603997347,5.741414207864453,1.0680743835319904,538
gaussiano,0.5,1.6877040001045485,3.383505996270075,2.1328356446699748,4,3,18.42470993314166,8.415651592085467,1.0656590621904294,538
acotado,0.01,0.024905433667992583,0.03990536604810968,0.02639501725878901,4,3,15.060726752790293,5.71090415380654,1.0902115545366784,538
acotado,0.05,0.11002238917978024,0.2408716365414536,0.16478292583601206,4,3,14.775057737044136,5.548865153019951,1.091799683263296,538
acotado,0.1,0.14786628605968,0.3094479210726384,0.2819340582082037,4,3,14.761244851636159,5.505888939078636,1.090478056455852,538
acotado,0.2,0.3382483875339255,0.7711984556133638,0.40263324450889026,5,3,15.063016678036288,5.623083708820083,1.102631060877785,538
acotado,0.5,1.0196946416745583,2.451112824991961,1.122429932573661,4,3,17.87751545146827,7.1016423193174045,1.0664372946334566,538
gaussiano,0.01,0.05493519320684509,0.13271285358542556,0.06666856318135395,5,4,7.088933311184671,3.1448531166237528,1.272367100336138,168
gaussiano,0.05,0.07480668055169204,0.23871656187078294,0.18078538077041817,5,4,7.244740762628948,3.2504751995601224,1.2654959181333416,168
gaussiano,0.1,0.18268883211996534,0.5187877006789934,0.2582656151792718,6,4,6.7391085678290255,3.0349464219275024,1.2233343771160217,168
gaussiano,0.2,0.5983842850145624,1.593296547590973,1.0585646275449583,5,4,7.364013610843272,3.756789613076448,1.218453506583226,168
gaussiano,0.5,1.221253834489246,3.539532052100426,2.053035795308033,5,4,7.315053459781279,3.64624773894953,1.1111454337327682,168
acotado,0.01,0.03907498372062851,0.06016522929139506,0.04286303197893063,5,4,7.212327447942121,3.168990731563518,1.2765142234604927,168
acotado,0.05,0.09850511796848077,0.34729353287667025,0.16736545785651713,5,4,7.396716187495561,3.2800120753884894,1.2786309551138497,168
acotado,0.1,0.15844157085453148,0.4596840031287827,0.3476166341572036,5,4,7.6336547463996824,3.346588041672075,1.2841134598592194,168
acotado,0.2,0.515427491319788,0.9369667688897101,0.7709841165744171,5,4,8.07965220051701,3.4546491872964755,1.2881330600060068,168
acotado,0.5,0.8038414175363946,1.9474792595434303,1.1530415478699967,5,4,6.410197663897939,2.981499940550111,1.2188457083072248,168
gaussiano,0.01,0.03353234862037535,0.07777725660392532,0.04020391908644694,4,3,11.867588478009953,6.524845645740186,0.9997055745937835,274
gaussiano,0.05,0.13989831735160474,0.2742951577407755,0.21533554590976856,4,3,11.86413388254762,6.5357016053704875,0.9978199605581975,274
gaussiano,0.1,0.19056641993553414,0.5848176910665106,0.6015047337274871,5,4,12.654723345653993,6.6373230934098295,1.109855379446518,274
gaussiano,0.2,0.9272819681268718,2.479238986962209,0.9360005123685747,5,4,14.738446504902697,7.285464435049993,1.0828989078517992,274
gaussiano,0.5,1.8223288714488959,4.481925531893886,1.9957638651561194,5,4,17.975120479156796,8.399505171576415,1.0928289246552865,274
acotado,0.01,0.02798993727899557,0.050209193204159064,0.03192384619230415,4,3,11.857996480803079,6.4658803356089045,1.0037561906843657,274
acotado,0.05,0.0679164269140583,0.13270160584320834,0.16257562765954892,4,3,11.919574140835856,6.475109562083132,1.005275854796384,274
acotado,0.1,0.17385038676306563,0.24380031838607963,0.3414447533857974,4,3,11.528787568309955,6.400323126280764,0.9953878993469429,274
acotado,0.2,0.848692356296948,1.5263888471937874,0.9557861695265757,4,3,10.496547678952677,6.096684103344765,0.9417233151590374,274
acotado,0.5,0.5985126668732543,1.7507878634716296,1.230331099536168,5,3,12.256711651677811,6.809050194735091,1.0010707227488913,274
gaussiano,0.01,0.032907725441189584,0.06302502750413552,0.040340362467331636,4,3,14.4349423572822,6.193261293382178,1.072523896689048,271
gaussiano,0.05,0.24230135419594845,0.5711169476491602,0.3189763581665197,4,3,15.24731869870678,6.437647347250065,1.074348609455345,271
gaussiano,0.1,0.4225841943440187,0.8981935012627391,0.5239145440038704,4,3,15.220061082112228,6.513099987252987,1.0753980859052534,271
gaussiano,0.2,0.5225567782981357,1.1688194623315271,1.0071267072632009,4,3,13.71333510094889,6.475244625566834,1.0393536911629528,271
gaussiano,0.5,2.339173554373537,3.7594669239475333,3.247585854141655,4,3,18.42174805706464,7.582969116669451,1.0808821002202862,271
acotado,0.01,0.021732892185163166,0.05432545194562732,0.02212529110131456,4,3,14.431234121481467,6.200297535572989,1.072320836631762,271
acotado,0.05,0.10822358627867601,0.2343172848161743,0.11788451855620874,4,3,14.577899161929606,6.255274640332409,1.0738493089820795,271
acotado,0.1,0.15168797013115043,0.25225738927725677,0.2920733126938635,4,3,14.528897587887062,6.119978375190851,1.0769190604346826,271
acotado,0.2,0.3022879596576935,0.7342519313756535,0.4530137276598176,4,3,13.812016524041804,5.700203749984171,1.0766975564908625,271
acotado,0.5,0.9610260339393075,2.0879025220544625,1.2437554743841557,4,3,14.498521150108484,7.706465536675524,0.9861476565868459,271
gaussiano,0.01,0.03850540146702941,0.12839775339787807,0.05102256337869625,5,4,6.19226105404643,2.654837000486366,1.17244028201136,1502
gaussiano,0.05,0.1121040810594851,0.47414180103713177,0.2538708661992079,5,4,6.26755166303856,2.7369591232335004,1.1429833552519173,1502
gaussiano,0.1,0.37744793088125617,1.006234996092681,0.5617530318121063,6,4,5.707548355733662,2.6103267531631706,1.130625371179256,1502
gaussiano,0.2,0.9109035419379947,2.50945668076371,1.0759988851670816,5,4,8.393582904554219,3.186061913413479,1.1650918830950299,1502
gaussiano,0.5,1.7286419710694565,5.487075859500004,3.990023078478144,5,4,13.927396953820963,4.393536635228936,1.3636638319346495,1502
acotado,0.01,0.029921434497699406,0.0692750705967004,0.031115882826580177,5,4,6.145728719155314,2.664689492632583,1.1661457304394134,1502
acotado,0.05,0.14324051167851498,0.261053924368816,0.17043298744324847,5,4,6.300086378013436,2.6531830130995,1.1818107121099268,1502
acotado,0.1,0.2194165772344086,0.4970184785116889,0.25518029487394545,5,4,5.916120391493395,2.666067104432564,1.1254443066927162,1502
acotado,0.2,0.5208501878152634,1.005724497560885,0.7147681078415138,5,3,5.991802879399901,2.8258189657844524,1.0425814149298158,1502
acotado,0.5,0.7320446951700679,1.8998776317727744,2.13353773342425,5,4,8.48586633592744,2.9642907297470145,1.3245979011667424,1502
gaussiano,0.01,0.018332962730456925,0.05995003062173393,0.042093190520994916,5,4,8.27904302284274,2.7894598013270597,1.351815099200137,1355
gaussiano,0.05,0.226254163828703,0.5800204535642803,0.26038867059829274,5,4,8.212412158476013,2.460451380676753,1.3591325639514733,1355
gaussiano,0.1,0.20491034257843577,0.7302780849116981,0.3719974235580934,5,4,8.595436040175102,3.030618093084957,1.3297207173654475,1355
gaussiano,0.2,0.7932929207235464,2.076859749878959,0.9751503864951787,5,4,8.152714439875334,2.6632075916804334,1.3359440659114887,1355
gaussiano,0.5,2.6027578270359717,5.966323264663461,3.1878400594396474,5,4,14.502353596103893,5.898915635772811,1.2134398274163871,1355
acotado,0.01,0.02572202917298405,0.0794928046532819,0.02582662249563128,5,4,8.197833900228318,2.799635082802949,1.3482976906352004,1355
acotado,0.05,0.11774170587874067,0.31708096912926936,0.12066744301564714,5,4,8.60501316349152,2.7730346989640124,1.3562643421851885,1355
acotado,0.1,0.21697893752583364,0.4913642818117734,0.3567040521725122,5,4,8.546860447853453,3.140640279320772,1.3350414562141752,1355
acotado,0.2,0.4988864455088162,1.0537391250086419,0.6008909567047791,5,4,9.117907316172499,3.0429942834630306,1.3214260587632476,1355
acotado,0.5,0.8571057863105012,1.9736842108994945,1.1060826420652738,5,4,6.920856117607227,2.7006165017130734,1.3105427615810958,1355
gaussiano,0.01,0.031501238536661647,0.10369543907812306,0.04119262414399816,5,4,5.410025467491606,2.6771877386565572,1.1981295733228703,1425
gaussiano,0.05,0.24666984046887386,0.7967901338312716,0.33555770832920506,5,4,6.371698596288543,2.711419278702187,1.2620259497584077,1425
gaussiano,0.1,0.40016137044551403,0.9650828909022994,0.763721018207522,5,4,6.416071363315943,3.119461783010703,1.2238477598287418,1425
gaussiano,0.2,0.9069313917710533,2.1741795001692954,0.9862713459785959,6,4,5.049335210365009,2.340046946452279,1.0175657538533662,1425
gaussiano,0.5,1.9191736000540205,3.4382599192949734,2.903714928850575,6,3,5.360957757137809,4.490269168857253,0.6283270395692725,1425
acotado,0.01,0.016019918134944966,0.04113020297650083,0.01949926976805688,5,4,5.390737742016151,2.644733293325096,1.1992564059049815,1425
acotado,0.05,0.11676575498799113,0.35079907788746645,0.15425034965764506,5,4,5.696929105731442,2.7534405971307367,1.20810258183726,1425
acotado,0.1,0.21495300556048424,0.5940397793388329,0.23601774329039138,5,4,5.5013939454717296,2.4900002878978142,1.231821469014062,1425
acotado,0.2,0.44357242259401675,1.3937620789214553,0.6899425686356523,5,4,6.931954103700207,2.7244828169420408,1.312877945302092,1425
acotado,0.5,0.9721867131882471,2.580674101859333,1.2086810926530278,5,3,5.597323845399848,2.283361059625821,1.0718872245745297,1425
gaussiano,0.01,0.024734129322248943,0.05485831549026543,0.03196542535360858,5,4,11.706670495687575,5.280381502238202,1.1223028581266863,486
gaussiano,0.05,0.1347330290271085,0.5570923794605217,0.18295629982074102,5,4,12.024196839193522,5.250909640036353,1.1477038951296934,486
gaussiano,0.1,0.2972700943805311,0.6569817854893948,0.6281269597228951,5,3,10.720227833031759,5.048997486243726,1.056168150438203,486
gaussiano,0.2,0.7879512902630459,2.344948058151047,0.898365111057168,4,3,11.500728181374189,4.142334069958045,1.095215338392078,486
gaussiano,0.5,1.038477438624919,2.591905422780662,1.1659091226101577,5,4,14.353461956317702,6.011482492255582,1.1825827822037347,486
acotado,0.01,0.032959914315987465,0.08860217351551905,0.03381819223661212,5,4,11.653424092187574,5.259440560157173,1.1174712510135285,486
acotado,0.05,0.10028765161490316,0.22677782091627446,0.11564370338362351,5,3,11.78571488366195,5.3593623689392835,1.096742144128044,486
acotado,0.1,0.20998270478705194,0.6355612978230736,0.2509876844241963,5,4,11.700608109136832,5.010471134856601,1.1586533998796982,486
acotado,0.2,1.8664362951120927,1.1713273416945036,0.5661693974161066,5,4,13.496527562829414,5.496091750350774,1.1850225834361698,486
acotado,0.5,1.56460113327124,3.573899662780628,1.6162889904335485,4,3,15.403841561579775,5.614435998601264,1.0939739576793186,486
gaussiano,0.01,0.04372160749981413,0.10208770380627041,0.06203176405389321,4,3,7.5196679648526175,3.8855030739983296,1.0243587331222859,251
gaussiano,0.05,0.1367526833643289,0.3205692714748196,0.16611498164533134,4,3,7.516237074686492,3.7867853807760996,1.0298168224028597,251
gaussiano,0.1,0.40577381976183724,0.8327673028470179,0.4378864743673132,4,3,7.249371490047213,3.7947725314858554,1.0015432579479582,251
gaussiano,0.2,0.5083428353353256,1.203759025369643,0.7421876526880904,4,3,8.543990687307675,4.551979191007458,1.01332455596804,251
gaussiano,0.5,1.8256164239337895,3.576938239768418,3.0631113179500984,4,3,10.861131544126986,5.36109853845131,0.9977484008520063,251
acotado,0.01,0.024324523923808433,0.05570466603138194,0.025235689422983154,4,3,7.597482095467985,3.9299752226602456,1.0220307670461517,251
acotado,0.05,0.07007462098844397,0.1660691218808099,0.13763004862876277,4,3,7.552033288502379,3.9707769831927116,1.0138785887930148,251
acotado,0.1,0.27191180918862834,0.5648267130101028,0.27191180918862834,4,3,7.645150382819187,4.176812423232173,0.9991381247260657,251
acotado,0.2,0.5095451980701171,1.0793500311653252,0.644321283917942,5,3,8.152770898359329,4.091073696894399,1.0280774913763224,251
acotado,0.5,1.0032765214322756,1.942902959428208,1.6829534321522353,5,4,8.33349748977663,4.108771989058139,1.141927307124734,251
gaussiano,0.01,0.057851615473829554,0.13399257205358928,0.06872045141220262,5,4,12.323910084345215,5.115583190277853,1.1538013906584268,247
gaussiano,0.05,0.2126954918817643,0.4356771756634785,0.3511433982985055,5,4,12.648075032996617,5.071461087493107,1.164058499683399,247
gaussiano,0.1,0.24011489512933504,0.5679175523052992,0.517031991389332,5,4,13.092449859378249,5.441942002901078,1.1747563225231943,247
gaussiano,0.2,0.4600995360201183,1.3481512202339412,0.9079837167243728,4,3,12.507452956371653,5.594040333719281,1.061065389342398,247
gaussiano,0.5,1.4243901795772307,4.4885307561127235,2.5440635055442296,5,4,18.25933029437076,6.219358127835039,1.3411761794999406,247
acotado,0.01,0.017930134887415683,0.04989706620304046,0.018627683298216624,5,4,12.337018864972256,5.114699496156656,1.1500460406915476,247
acotado,0.05,0.0786212560295878,0.17139548172513697,0.1813546153675225,5,4,12.464266393952531,5.14978694077366,1.1440881721279288,247
acotado,0.1,0.21101323465593524,0.5969648030638247,0.3424567320389058,6,4,11.971938272258697,5.043029248404358,1.1534419872479724,247
acotado,0.2,0.3204686040177007,0.9906272441719361,0.4527648982351693,5,4,11.897581593804578,4.980502870325805,1.1266830445277765,247
acotado,0.5,0.7547265715185238,1.7320972373310193,2.0731633172330017,5,4,12.617960361920021,5.704125604541552,1.115265862724445,247
gaussiano,0.01,0.030856740195734034,0.0930020618040086,0.03149792629813586,5,4,14.587940662296877,5.6087975926467495,1.2459278654154933,1209
gaussiano,0.05,0.11477510407995051,0.3239139087581351,0.15791921370963724,5,4,14.887616374485475,5.615879138217033,1.2633032203994499,1209
gaussiano,0.1,0.29830303630828703,0.669756468478434,0.8674845694912032,5,4,14.772947380421183,5.964436815463231,1.2582139234064984,1209
gaussiano,0.2,1.2660700959181952,3.1136100532456665,1.2768953525672089,5,4,12.31354603504805,4.005718759118535,1.2776253823638597,1209
gaussiano,0.5,1.386527126077643,3.411208224626479,2.5323075525178904,5,3,12.296221684210344,5.59512362458222,1.0679786187820521,1209
acotado,0.01,0.038597548304358575,0.05906535010518349,0.04021406771647884,5,4,14.716091424524594,5.684263585733428,1.2474764954707456,1209
acotado,0.05,0.12463516004295361,0.20473074466587565,0.15957307055005399,5,4,14.71654464984592,5.725116179125389,1.240944429822427,1209
acotado,0.1,0.3332606043034807,0.8427772019692499,0.3332606043034807,5,4,13.97055463065562,5.232153771906219,1.2636716801455836,1209
acotado,0.2,0.3706806514134102,1.0810551634847743,0.6302861651605083,5,4,14.828031904547307,5.681622193522896,1.2243001221378857,1209
acotado,0.5,1.3036834712206473,3.141577136746781,1.6617628180444273,5,4,12.064726937082597,4.454199934816646,1.156681912043931,1209
gaussiano,0.01,0.061964271597592546,0.1175810599292666,0.06813445104239468,4,3,11.556801628073778,4.664751662793902,1.0843156127658777,1487
gaussiano,0.05,0.208538559548878,0.5955906564328993,0.227718802629727,4,3,10.971797481981582,4.455915029888733,1.0815364912156675,1487
gaussiano,0.1,0.3289464601365759,0.6902866607993678,0.5826596773015598,4,3,11.737964333523681,4.872294302963178,1.0705650049625555,1487
gaussiano,0.2,0.6738991162078034,1.6928844439274093,1.232320693639738,4,3,11.321234137885419,4.861259714654524,1.0539249863384974,1487
gaussiano,0.5,1.875094504368815,3.0612707991332555,2.341035599926875,5,4,15.300014637922061,6.892846469904547,1.1587786065362906,1487
acotado,0.01,0.034470178666696105,0.07916053387812594,0.0353221179848176,4,3,11.713270957172018,4.6944049728274075,1.0845005866268316,1487
acotado,0.05,0.08425546460154454,0.19082553097274024,0.11674127083732788,4,3,11.764322936089457,4.822959837113923,1.0808444139975633,1487
acotado,0.1,0.32842232253166215,0.570410051116388,0.4187345802481103,5,3,12.119294497342429,4.926441662100796,1.079497546357866,1487
acotado,0.2,0.5574231439193478,1.253031314870213,0.6382547785646379,5,3,11.686479919272816,5.456962039784643,1.0804527297556694,1487
acotado,0.5,0.6247189647805333,1.4940528583069521,1.824274789946954,4,3,11.914999438913254,4.960534274673268,1.0789688115067047,1487
gaussiano,0.01,0.0253651118387741,0.04247010731855816,0.027214953888553772,4,3,11.847549976523679,5.162992745568891,1.0746139813521476,937
gaussiano,0.05,0.09350741794196926,0.19082376907000848,0.1459823368797507,4,3,11.645478217490009,4.979907778779715,1.0778555031753838,937
gaussiano,0.1,0.14391072392810128,0.38518270138565125,0.659476786774214,4,3,12.253702574789145,5.23886709700411,1.0774959123560146,937
gaussiano,0.2,0.8459714322481584,2.519841149758229,1.298680671383662,5,4,11.245575175414288,5.387529604513359,1.156299201739851,937
gaussiano,0.5,1.535235550413803,2.559454862689061,1.9018832406585826,4,3,8.849702375562448,5.191305527750515,0.8804108246047702,937
acotado,0.01,0.030815492035193515,0.06429437841044429,0.03154751419335078,4,3,11.843289375778205,5.183899443617745,1.0732167551009204,937
acotado,0.05,0.14530004417640918,0.21486708306304758,0.22079717747382555,4,3,11.713446024318062,5.004434586971973,1.0778821125451592,937
acotado,0.1,0.1586572323164468,0.3774130667987894,0.2775710842452588,4,3,12.01870171416276,5.242498919187938,1.0756141506000951,937
acotado,0.2,0.2566728731870169,0.6417760760416038,0.4828978781622666,4,3,11.404568171564184,4.889717198770299,1.0787619961861448,937
acotado,0.5,0.6705873030808651,1.4995731426296757,1.8202617712416258,4,3,9.93249720074004,4.152669147425412,1.078427508178103,937
gaussiano,0.01,0.03051094832912815,0.08220717699210661,0.03094231722448315,5,4,12.442463870834315,6.360613658540325,1.106558799936315,914
gaussiano,0.05,0.13984112607974075,0.411526682532127,0.23723977518706185,5,4,12.524557678549762,6.59738828953628,1.0895700084705227,914
gaussiano,0.1,0.43444969464523453,1.1468881195260712,0.5814574187191281,5,4,11.182121692096882,5.9493195159123795,1.072008921904489,914
gaussiano,0.2,0.9368921087782185,2.605208405806348,1.4142883846469045,4,3,7.836464183502625,4.851780157318514,0.9229442070387419,914
gaussiano,0.5,1.553035785070735,3.8814519534505187,1.8828961185166808,5,2,6.7567819902206505,5.093922121657946,0.6154817963237452,914
acotado,0.01,0.026068823111421557,0.059150400876699954,0.026405394755965927,5,4,12.391898465118828,6.349002652532137,1.1070155268965962,914
acotado,0.05,0.16761368726986314,0.4513893880380715,0.168552361680243,5,4,12.536527421664605,6.480239688996484,1.1169817149586196,914
acotado,0.1,0.2128443117588943,0.6743862216303312,0.3109593588487519,5,4,11.574207417882503,6.014489131893702,1.0555838044096697,914
acotado,0.2,0.4428335460608286,1.0099596778605042,0.48422010582720093,5,4,12.222499745434217,6.476243054774656,1.1023606665500645,914
acotado,0.5,0.7061095726125888,2.622412010666019,1.444220875546102,5,4,11.978955082554172,6.385062109351536,1.1677145178471544,914
gaussiano,0.01,0.03502390510890324,0.0721345225689417,0.036718850216118426,5,4,16.14539838437088,6.882410915807489,1.1210481188943062,394
gaussiano,0.05,0.0908288373767735,0.37417255374668823,0.34306918910920825,5,3,15.778475318946306,6.738890320300939,1.098068414639356,394
gaussiano,0.1,0.639462802682097,1.4646290708631557,0.6726426302162944,5,4,17.865879979227735,7.157990602953951,1.134968112076479,394
gaussiano,0.2,0.47914538116393024,1.1284728365121726,1.096957926664461,5,4,16.5223048698006,6.766713330893847,1.1766938571037828,394
gaussiano,0.5,1.0479972149849015,2.815117214745287,2.5814906575039105,5,4,15.16697624432788,5.630186782378722,1.1712314343745227,394
acotado,0.01,0.03191857641380513,0.07102663638524487,0.03602130706286766,5,4,16.036355708817176,6.826515836090227,1.123409605465844,394
acotado,0.05,0.10272166336824284,0.31080379025442023,0.11562399226572251,5,4,16.119143593834035,6.894546024953363,1.1380727278456582,394
acotado,0.1,0.3176073733121516,0.6826404710982958,0.31986720664160284,5,3,15.906701991690404,6.874386211897405,1.0991108063250985,394
acotado,0.2,0.5070210167279474,0.9574530570856816,0.5994671489633117,5,4,16.94810886301594,7.157888525754432,1.1054021164137684,394
acotado,0.5,1.0079218410237027,2.615084417715897,1.440186226808389,5,4,16.949154665683857,8.099118385872426,1.1231588947723703,394
gaussiano,0.01,0.023657328858230242,0.07762077846757554,0.07958738238209317,5,4,11.59229829911233,4.07826628089853,1.280526817026757,23
gaussiano,0.05,0.1495330884906676,0.44749873868497225,0.236880436058855,5,4,11.652792981568465,4.222162355959882,1.274658763512969,23
gaussiano,0.1,0.28857697782825653,0.8281279726494948,0.48504774650806093,5,4,11.533099235680414,4.222804921439796,1.2533126493828097,23
gaussiano,0.2,0.4612202416674165,1.2390528087527195,0.688818275909552,5,4,11.248994010163145,3.9736664178120242,1.3354945091576025,23
gaussiano,0.5,0.9053868596957693,2.1437419730932796,2.6368044954860914,4,3,8.933362132334375,4.240598074155143,0.9752469238721504,23
acotado,0.01,0.028907741154183153,0.06279979415146575,0.03105558922334295,5,4,11.690913833919822,4.113005238281737,1.2861807463921366,23
acotado,0.05,0.11068776557244409,0.2441700736841137,0.13251472293687483,5,4,11.644117008302734,4.082706825900375,1.2934420922460093,23
acotado,0.1,0.21881414318803527,0.5048149284941461,0.2826185741586551,5,4,11.562908001230888,4.02634106692212,1.2698352835801978,23
acotado,0.2,0.3416830842509926,0.9774514899158031,0.4986741347888297,5,4,12.718438614673683,4.445275883484093,1.3136618762937509,23
acotado,0.5,1.1579555909136245,2.933161102011872,1.5735816350959984,5,4,8.737149390106907,4.098129134120368,1.1621422658374723,23
gaussiano,0.01,0.031085427102431673,0.09046664743917221,0.04617134906035081,5,4,11.947565239500213,5.312547448676996,1.1411724937566188,589
gaussiano,0.05,0.10765069844744124,0.29772451909982545,0.15997186295462396,5,4,11.670822284713239,5.244548619905181,1.1681585337337816,589
gaussiano,0.1,0.33323538492483884,0.8600155061838042,0.5765639885005742,5,4,11.683861027580221,5.135894480058875,1.2165869618715193,589
gaussiano,0.2,0.5246398848632463,1.354793831186033,1.038205530498558,4,3,12.074388920573087,5.569751001623553,1.0480270817002544,589
gaussiano,0.5,1.130573204218455,2.4931125112012196,1.6516550381487645,5,4,9.834579267103322,5.084752579768471,1.0778101401081839,589
acotado,0.01,0.020677087897309487,0.05147675828382592,0.03475938250557542,5,4,11.982981231646985,5.33481018209134,1.147358615832526,589
acotado,0.05,0.09824245437205881,0.2657791561605152,0.13351448384206188,5,4,12.219801593182343,5.47084677604696,1.1540286508241797,589
acotado,0.1,0.23727382095935923,0.6590434932278679,0.2859375325148419,5,4,12.149471173211158,5.534688818012879,1.1753749163648517,589
acotado,0.2,0.5304637242372574,0.995924558233852,0.6147895981702693,5,4,12.482222029475686,4.9834236722262535,1.2671169405601197,589
acotado,0.5,0.8963379859782088,2.677314796060421,0.9985553419025621,5,4,14.983448186058022,6.525873952579552,1.1958009757765966,589
gaussiano,0.01,0.04387556826110389,0.1030332177928657,0.05506014164248163,5,4,10.83850500105914,4.9565947641364865,1.1413790018543726,32
gaussiano,0.05,0.262276715767531,0.5506521021590445,0.353267318008053,5,4,10.944627967315519,5.264032855594158,1.157973244197243,32
gaussiano,0.1,0.34752264150602064,0.9791470507713035,0.6182060838095558,6,4,9.967264410417613,4.980637419354718,1.1027458637290615,32
gaussiano,0.2,1.1315990517898715,1.8144469840448987,1.4784211464270796,5,4,11.94475985191056,4.790118096337843,1.1827995935371143,32
gaussiano,0.5,1.5362231830731394,3.5614767532796385,3.5829632714400432,5,4,15.236125409013285,6.469104250062662,1.159108246085907,32
acotado,0.01,0.029434613868409176,0.07670732575235675,0.03126606664712872,5,4,10.796967975769512,4.911927304328072,1.1456766203379545,32
acotado,0.05,0.0660448252318866,0.1532074732913422,0.13197851061809196,5,4,10.700418929838499,4.95156769672377,1.146536123531983,32
acotado,0.1,0.14643812404711376,0.46158192337417625,0.15971071259529723,5,4,10.809307805594676,4.947765941169523,1.1424452253308015,32
acotado,0.2,0.23610882823162704,0.6231526609329865,0.8923133719460581,5,4,10.840080456872276,4.909220866320537,1.097301967856635,32
acotado,0.5,0.6429446548658073,1.904233810270218,1.1353610897924051,4,3,11.60221710475558,4.857192129571237,1.0556641061699124,32
gaussiano,0.01,0.04058107163665259,0.09718881094818466,0.041188714103389756,5,4,19.84592872624789,7.836789782528758,1.2639955699569534,483
gaussiano,0.05,0.1696967155004767,0.5014481776837435,0.2993241924197024,5,4,20.211562008687057,7.970816674043032,1.2644257124217457,483
gaussiano,0.1,0.4052632691153475,1.0649426235746322,0.5875165046848948,5,4,20.709927624981958,8.202742236452965,1.2540377846825872,483
gaussiano,0.2,0.7457442797357317,1.7745829410594378,1.1059646144933568,5,4,18.674228021069972,7.983367119632501,1.24739349461817,483
gaussiano,0.5,1.4446083830103307,3.3936994419273696,2.058333114706313,5,4,19.352598000671748,7.81834148611982,1.3036245607206778,483
acotado,0.01,0.03747646990402265,0.0706367499520919,0.04417343403668861,5,4,19.984634091572676,7.915514223436059,1.2629328469899777,483
acotado,0.05,0.07826438559614957,0.26636672163204256,0.11283977767051834,5,4,19.698838729133172,7.833544488328278,1.2635680608038786,483
acotado,0.1,0.24558299659203398,0.5902162105769219,0.30057200028040665,5,4,19.961125636311458,8.10868232983323,1.2510555328150232,483
acotado,0.2,0.44007826514096227,1.0828699132858313,0.607729489545326,5,4,19.152699410227978,7.138173344861828,1.2863457126046949,483
acotado,0.5,1.3043721494039637,3.349108658450254,1.6877640419757576,5,4,22.258356066295693,9.539461475052697,1.2853267872432521,483
gaussiano,0.01,0.03210937477234399,0.08339686116932352,0.03876066969804981,5,4,11.890512010942697,5.351013771583498,1.063522608656753,69
gaussiano,0.05,0.17233536928051096,0.5116590445671839,0.18030522495788182,5,4,11.89044324267806,5.270314065509843,1.0792292406063684,69
gaussiano,0.1,0.37231997374501447,1.0125046740034698,0.5321993097003346,5,4,12.269251605210862,5.573889647186194,1.1322095284221785,69
gaussiano,0.2,0.7847403606038084,2.3433121514601303,1.3383604589888718,4,3,11.638792149892645,5.9806978846002306,0.9911306829743077,69
gaussiano,0.5,1.4620585129805215,3.100885949677025,2.3284151973480407,4,3,8.966732263815127,4.683660340145723,0.8294455516608576,69
acotado,0.01,0.020256454340781826,0.04435285455343363,0.02106558878885434,5,4,11.873894095005351,5.381561739832923,1.0561073990868461,69
acotado,0.05,0.18971059646036004,0.4024883571550301,0.19227492225496245,5,4,12.323151248997721,5.720151555149979,1.0512149698299755,69
acotado,0.1,0.2528916841404256,0.46946554272252106,0.2576797317321684,5,4,12.153060829383115,5.264626950596966,1.048440834637126,69
acotado,0.2,0.37270925054552273,1.1051753454014295,0.645855140273317,5,4,12.978490610199216,5.564489414291075,1.1453909149578254,69
acotado,0.5,1.3523352463616058,3.835399362258345,1.4771385464427809,5,4,14.326390933499098,5.446557893053631,1.2674806831630658,69
gaussiano,0.01,0.06413674733551666,0.15887682235995293,0.06615568584276726,5,4,13.490063504443736,6.943028771758636,1.223436659095092,506
gaussiano,0.05,0.22616705039222884,0.5281191934362716,0.23199038796526406,5,4,13.679885885998882,7.162523002129216,1.2125510415455332,506
gaussiano,0.1,0.43388932313815864,1.0716513447127403,0.7306852963985274,5,4,12.947597212809427,6.872878286532298,1.2004117890739776,506
gaussiano,0.2,0.46224555749816076,1.516560679720901,0.8518458179786672,5,4,15.005946425423392,7.535627710968023,1.2321395292821578,506
gaussiano,0.5,1.6177938928681823,6.306040595067766,3.0112358883352566,5,4,17.19959433638443,5.997542808529575,1.3426650717193387,506
acotado,0.01,0.01902056368267835,0.05259708994653928,0.02028040951469734,5,4,13.546889139288574,7.019064231098404,1.2200284397407768,506
acotado,0.05,0.15685666273908616,0.3801772081926632,0.15791246769866474,5,4,13.190890486306209,6.949718164171966,1.2070831468075371,506
acotado,0.1,0.3261740970109428,0.8029592246292294,0.3300201725703932,5,4,12.771580010881193,6.843271182862146,1.1988730965566363,506
acotado,0.2,0.5167735887079647,1.5384907687581806,0.6743065968122406,5,4,14.688733640552993,7.002029781365038,1.2524078028013508,506
acotado,0.5,0.9063046703817881,2.331095612570648,1.4232070879687937,5,4,15.806065912671178,7.02753153196821,1.2770982899361234,506
gaussiano,0.01,0.029938113944311784,0.0780587831700219,0.07763375952007201,5,4,15.64286104568686,6.244159403111817,1.1463312909633785,596
gaussiano,0.05,0.2636667600011695,0.7187088654432356,0.27132250288838256,5,4,15.193665725915992,6.039951792878935,1.1430200485598863,596
gaussiano,0.1,0.21578520427044878,0.6576475007333802,0.6365384663369076,5,3,14.930872205502332,6.284016195359627,1.0762529399146334,596
gaussiano,0.2,0.9293742707636858,1.4919715540920837,1.3837225104036255,5,4,16.5156981949663,6.058753433729165,1.1417988159725176,596
gaussiano,0.5,1.294265251479215,3.6648547994651057,1.461935501572551,5,4,20.49368592521313,7.702118421491134,1.2410933083377276,596
acotado,0.01,0.016752297397324867,0.05582086036259559,0.03137847656929793,5,4,15.630178896103665,6.185127105492781,1.1550063221021605,596
acotado,0.05,0.18415874975563784,0.3631731241483851,0.18466022239330704,5,4,15.678479426951952,6.139956089458265,1.1391286781127343,596
acotado,0.1,0.253922063535559,0.6441814105158769,0.26011235412235034,5,4,16.417133850264907,6.692481093774392,1.1436958627972011,596
acotado,0.2,0.46041895687535117,1.0484939403263018,0.47113658987792206,5,4,16.710201086336202,6.704373705178343,1.175823354138089,596
acotado,0.5,0.8248683341844341,1.6907448561690586,1.5797247870457074,5,4,14.193926660650156,6.004105490451607,1.1498918989100664,596
gaussiano,0.01,0.03908783010593986,0.12399474529208487,0.07029059275380423,5,4,6.8668879371305085,3.211115368241559,1.245221331424316,422
gaussiano,0.05,0.12514296747425824,0.33450090114561537,0.13833213748093387,5,4,6.738486599521102,3.1117002579484243,1.2182950216254165,422
gaussiano,0.1,0.41800028847070625,1.0351223086295644,0.41800028847070625,5,4,7.275336638577349,3.6868905416147246,1.2161063106862315,422
gaussiano,0.2,0.49970305386797476,1.4591078964979705,0.7794257775297722,5,4,5.350665257731304,2.3735638553777028,1.2888137250687715,422
gaussiano,0.5,1.9419153228357238,6.9495756874109595,4.173249990744374,7,5,15.688561040819252,5.444267473828429,1.387536960855338,422
acotado,0.01,0.019406832413853436,0.053499465365236976,0.03344350517337258,5,4,6.7797507691549,3.1799866392872045,1.2368710175569029,422
acotado,0.05,0.14093533827317262,0.35473012074444377,0.1471620881009923,5,4,6.91321509915041,3.26128706874099,1.2325625146373766,422
acotado,0.1,0.2826180870667382,0.8569563869057257,0.3376936653520285,5,4,6.527758729180057,3.07464390542979,1.1961601137565148,422
acotado,0.2,0.5257913637742821,1.3377396420067993,0.6416467918703259,5,4,5.885721626436839,2.4835490202075508,1.2431173671290887,422
acotado,0.5,1.5157453914775854,3.2303765425082815,1.5288231104640557,5,4,8.769003545399144,3.185982214947556,1.2584794079513393,422
gaussiano,0.01,0.04272944196669359,0.10808557258291718,0.06378239367474364,4,3,6.056057629287775,3.7331262531488822,0.8957624240817545,1212
gaussiano,0.05,0.18412862527010254,0.2582054942184839,0.21688250870525172,4,3,6.17471413733643,3.7410801615927793,0.9250872869225365,1212
gaussiano,0.1,0.4906318929514264,1.168706349661547,0.5252444919060139,4,3,7.176350169436356,4.037718592706032,0.967815249300185,1212
gaussiano,0.2,0.5131540465071962,1.1291271981090807,0.969983685051773,4,3,7.5819134131303025,3.9038237974868855,1.019280578830798,1212
gaussiano,0.5,1.0445017252008824,2.5111797524070587,2.880798224331492,5,3,9.381804090229029,3.8199117236252755,1.0843108669802795,1212
acotado,0.01,0.0033027994796988036,0.0078012471883354,0.024431565503816755,4,3,6.055214187148073,3.737546326634054,0.9009919699429656,1212
acotado,0.05,0.1514892533438626,0.3162475524985998,0.17559761343706135,4,3,6.103953552507958,3.796648645492625,0.8836300592892502,1212
acotado,0.1,0.21397643534815425,0.46294973094900715,0.21499858104630415,4,3,5.932086014388815,3.7079450815673214,0.9012239519530518,1212
acotado,0.2,0.2812990421225333,0.44898706897099716,0.4259556241075373,4,3,6.067539581429788,3.7582731820684088,0.895218909488398,1212
acotado,0.5,1.1290261365111394,2.3082010468769236,1.3400208232216502,4,3,7.435613591479376,4.974681361835994,0.8200700062386211,1212
gaussiano,0.01,0.032184107324219724,0.08009670104046496,0.04507944928797425,5,4,18.641951064254624,9.899798600299178,0.9760878008571836,415
gaussiano,0.05,0.13765531742474302,0.3658585392795879,0.19362058760979706,5,4,19.01845099526897,9.914088720983038,0.9926153948491747,415
gaussiano,0.1,0.2837141012280169,0.7986487876471222,0.4322411229296774,5,4,17.89902455045062,9.577265080446537,0.965163985023403,415
gaussiano,0.2,0.4063357515219225,1.0501140426883762,0.4160518774104618,5,4,19.190214356492554,9.942851307900904,1.0029530663543724,415
gaussiano,0.5,2.1282476341184307,2.9846175267589174,2.1717928313028114,5,3,20.621222708768087,12.458472666240523,0.8643210358750775,415
acotado,0.01,0.03333921434819831,0.07766441105310973,0.033496045493231374,5,4,18.560292601400576,9.808237295133353,0.9765505015685553,415
acotado,0.05,0.11364437661572235,0.22786111101002182,0.12810270496705767,5,4,18.464746713892353,9.829959221355733,0.9753357835243395,415
acotado,0.1,0.16457980457868704,0.42366939581791185,0.22288514409287696,5,4,18.581703552077116,9.895063855274424,0.9570790118224191,415
acotado,0.2,0.6180000187325234,1.1094574236356054,0.8118979875447199,5,4,19.477609251347566,9.830717472927974,1.0071143873096133,415
acotado,0.5,0.7821246063648453,1.9830510689824625,1.324517091503614,4,3,20.357936631973793,11.305992435832927,0.9361925962327815,415
gaussiano,0.01,0.04654800009813087,0.07441389353464256,0.04745543985334599,4,2,29.314235876915852,15.682535765636384,0.7081466048552572,692
gaussiano,0.05,0.2617143368374828,0.4298615308802958,0.29459263561876936,4,2,29.5709535422057,15.638992426559938,0.6995536608819946,692
gaussiano,0.1,0.3939616103203374,0.7776944231464834,0.4474078158545094,4,3,29.68861052599117,15.832154933871504,0.7271094093061257,692
gaussiano,0.2,0.41823657191872243,0.7982962597674979,0.6774925573580441,4,3,30.571468923541048,16.459226565706786,0.7308113568272648,692
gaussiano,0.5,1.4181390153790607,2.1083127853836556,1.7246399648861739,4,3,26.58824890165076,14.784772889525186,0.7214696398339489,692
acotado,0.01,0.03154804782317111,0.057689249615597404,0.04051941425103056,4,2,29.163212749682536,15.621607436315223,0.7096998148042124,692
acotado,0.05,0.1174196308744575,0.24062361460490878,0.14804036114598684,4,2,29.157073292289837,15.633165075924031,0.708934395188733,692
acotado,0.1,0.309094665452327,0.6245870848770964,0.40772671907173574,4,2,29.09425440991026,15.906747585917913,0.699569624890142,692
acotado,0.2,0.2918455339419772,0.6188498787762682,0.8452694185709237,4,3,29.84678159815511,15.99520028247924,0.7109512738262442,692
acotado,0.5,1.1783469192402265,1.8872188466765938,1.3293768670915833,3,2,29.71399414392979,16.464665576464373,0.6872810510818232,692
gaussiano,0.01,0.06063559081422065,0.0885285025412742,0.06622173363147321,5,3,7.696421285658761,3.44497106985334,1.0536320976112332,1290
gaussiano,0.05,0.23204741864356304,0.330687982824422,0.2345018823530971,4,3,7.343739875064681,3.4687865278263526,1.0487399062833223,1290
gaussiano,0.1,0.37140403570011027,0.663385871753889,0.5155829141473596,4,3,8.043749860019592,3.3831702476996073,1.0753884555716577,1290
gaussiano,0.2,1.1741973197455562,2.3652490099460723,1.2809550744117306,4,3,9.236533979181692,4.647334130056187,0.9255140853129191,1290
gaussiano,0.5,1.4063920290046914,3.8225757738031167,2.9938704356340393,6,5,10.933257117447233,5.083547487967388,1.1388287908100385,1290
acotado,0.01,0.02071936196339985,0.04549519390804413,0.03951882282746344,4,3,7.668448671612219,3.397507448049299,1.0572686765582193,1290
acotado,0.05,0.09347935148576458,0.20672635622889685,0.1378332904166948,4,3,7.685148156294906,3.502727546337367,1.0494876173237437,1290
acotado,0.1,0.22576800952852993,0.4645028615499456,0.2553992963308729,4,3,8.145585541477502,3.5155197197666457,1.062434883137425,1290
acotado,0.2,0.35228037868388284,0.859096048267944,0.6749295590102448,4,3,8.984947059522877,3.9035685088081173,1.0669196164895522,1290
acotado,0.5,1.0199471388708767,1.960548124760471,1.462439848739566,4,3,8.749133203472628,3.485942142269865,1.0648927779799457,1290
gaussiano,0.01,0.06685278442370324,0.15384915122800957,0.06777533020181714,5,4,26.72091689950485,9.917108342811764,1.3479820189756273,802
gaussiano,0.05,0.23138203451035189,0.6075974130907249,0.2602773379951069,5,4,26.88943305094803,9.833604008994564,1.351757082386867,802
gaussiano,0.1,0.37601225777871194,0.8905575795093652,0.4704371399363043,5,4,26.36342171535212,10.047832036362504,1.3414821273001392,802
gaussiano,0.2,0.9168968839314053,2.5563925590319387,1.008437592545068,5,4,26.048988762763976,10.569419113353558,1.320679115812852,802
gaussiano,0.5,2.3172556626888046,7.1149932895409,2.575362035769311,5,4,33.31382627074119,13.590324005535457,1.3064537843518824,802
acotado,0.01,0.017262169007198125,0.05360525305059238,0.020490165288304496,5,4,26.627136871899705,9.904759449963816,1.3475841624614215,802
acotado,0.05,0.19902948142893484,0.44553794527067536,0.20392932483276782,5,4,26.921644328745817,9.961265734430608,1.348489975701839,802
acotado,0.1,0.24286367237054662,0.5465380687584007,0.2494512482584721,5,4,26.814085370730318,10.032259341737243,1.3463928210322411,802
acotado,0.2,0.44583274650359606,0.9354744963499442,0.4479785051542615,5,4,26.875745837827317,9.762509113151864,1.3500385798839187,802
acotado,0.5,1.5135172740024094,3.835251764451443,1.6012383894303064,5,4,23.78960462000137,8.637404197440262,1.3354991451965663,802
gaussiano,0.01,0.05626811687265021,0.15807315578078757,0.06169168288833027,5,4,12.406362551502186,4.4188091055234295,1.3471435537896497,184
gaussiano,0.05,0.20685020820201006,0.5513097321937848,0.2336534132621919,5,4,12.39027577976207,4.154748494845266,1.3515036149163073,184
gaussiano,0.1,0.34359487638208686,0.8935700392350088,0.520834783048421,5,4,11.964897260810417,4.386784078704852,1.3507621533239085,184
gaussiano,0.2,0.9274167057899023,2.1988440579095596,1.2386757699912263,5,4,15.336973249880579,4.672421593311135,1.3637824089323032,184
gaussiano,0.5,1.2116646314520696,3.3071222476228868,2.0000179528514437,5,4,12.343202784950892,4.886172471935318,1.2413324105973174,184
acotado,0.01,0.016126500876882055,0.03643215038314973,0.018451609051716944,5,4,12.555789024450897,4.465956326543289,1.3474850484399614,184
acotado,0.05,0.14559833510101972,0.3264117081763237,0.154917360974,5,4,12.510938341215386,4.486655694314241,1.3435948761991003,184
acotado,0.1,0.2778210482532444,0.7880224247207701,0.3366421700871154,5,4,12.937490509802194,4.161758719471463,1.3638147107389784,184
acotado,0.2,0.5256451046765129,1.2105359174499641,0.555457677223426,5,4,12.149124036312443,4.11074865549088,1.3451436941636872,184
acotado,0.5,1.1405227264681241,3.286652216661583,1.6744097046337338,6,4,12.314155867956769,3.8246385381191974,1.3720960913165814,184
gaussiano,0.01,0.04325552897558682,0.12626098169590827,0.04599843177573493,5,4,13.89247390574847,5.031884482645378,1.347744773198429,1054
gaussiano,0.05,0.2746202885717347,0.5389128495247496,0.2836037631700624,5,4,13.969187946397819,4.985186218346771,1.3563457131983114,1054
gaussiano,0.1,0.2708993636944097,0.7255677101643324,0.3435266860351569,5,4,13.864624431242662,4.941558572926576,1.3502270993927221,1054
gaussiano,0.2,0.7311751867340797,1.8842429979623718,1.0574848960262417,5,4,16.103213547131492,5.675543232919608,1.3597515381731968,1054
gaussiano,0.5,1.5258869890627853,4.729792448599875,3.0887700997715086,4,2,9.330078208038294,6.814911756135057,0.5912457955987568,1054
acotado,0.01,0.03052315289730656,0.06523674511893018,0.03066966224272405,5,4,13.929354976680585,5.020502187946285,1.347591018908099,1054
acotado,0.05,0.12554389600394378,0.38689495857440404,0.13335622617814957,5,4,13.750810620622575,4.908878742896896,1.3462438062959665,1054
acotado,0.1,0.16809449375375385,0.49014138863229584,0.3022365284319457,5,4,14.066928029439609,4.846543515472529,1.3541655814317823,1054
acotado,0.2,0.36324540966920393,1.1612775113555458,0.8083549720013522,5,4,13.702141822931589,5.30130227144627,1.3341019080912873,1054
acotado,0.5,1.3279002602201873,3.0556182253719713,1.591025299546028,5,4,16.653493683919297,6.316812996408813,1.3170318899614772,1054
gaussiano,0.01,0.04258851784870499,0.09800772437602545,0.0557192449772721,5,4,12.4258306484562,4.422573161000911,1.2060843136292652,859
gaussiano,0.05,0.12669558548810955,0.42897909179371685,0.1503998353467011,5,4,12.29461311927049,4.355324475926352,1.2093442360422788,859
gaussiano,0.1,0.24562645937364924,0.7783744967642685,0.40871980208911474,5,3,11.683321313495886,4.227320958781175,1.1300767988011136,859
gaussiano,0.2,0.4686048116246926,1.2609356583667868,1.1732916863566358,5,4,13.52461245752533,4.776267263079911,1.2498291789497031,859
gaussiano,0.5,0.9877695874253192,2.016411932753719,3.2375692095474635,5,3,11.3698462134306,4.387945238819135,1.1072135176151028,859
acotado,0.01,0.03184023532172553,0.07339301339254034,0.032160684179943555,5,4,12.390970439048502,4.419744610235446,1.198370048621395,859
acotado,0.05,0.1571863885347189,0.3751315033736793,0.16722963490853293,5,4,12.532518793850898,4.519232031012333,1.1811238523763492,859
acotado,0.1,0.16345141168949573,0.5260789688713338,0.26840842196632964,5,4,12.186015791219035,4.59628585159282,1.211999710570098,859
acotado,0.2,0.3668422803921545,1.0846898257792357,0.6744658006170176,5,4,12.789008346552029,4.603405662770458,1.1651676394714747,859
acotado,0.5,0.8227360699169468,3.0689302398270586,1.7477865920332518,5,4,10.231636269759633,3.211143554645545,1.346406204231474,859
gaussiano,0.01,0.021211894491615084,0.02121189449161509,0.04813320592496151,2,1,5.053910385485009,5.053910385485009,-0.0,1388
gaussiano,0.05,0.05432347841952234,0.05432347841952234,0.25965880492095894,2,1,5.095580405795342,5.095580405795342,-0.0,1388
gaussiano,0.1,0.24037240422684203,0.24037240422684203,0.6100948556350108,2,1,4.909957701542345,4.909957701542345,-0.0,1388
gaussiano,0.2,0.6625285531156146,0.6625285531156146,1.2423313592192136,2,1,5.437689128239466,5.437689128239466,-0.0,1388
gaussiano,0.5,1.1289785708025284,2.7012527223674994,3.29388251101403,5,4,10.29475786931597,5.926966023175202,1.0625161278109205,1388
acotado,0.01,0.013579686283189396,0.013579686283189396,0.026141829782530657,2,1,5.043515511084209,5.043515511084209,-0.0,1388
acotado,0.05,0.10904032607595404,0.10904032607595404,0.17638027225380748,2,1,5.068315431622663,5.068315431622663,-0.0,1388
acotado,0.1,0.0353014920935677,0.0353014920935677,0.24942565817792062,2,1,5.098954251608719,5.098954251608719,-0.0,1388
acotado,0.2,0.26908436126279733,0.26908436126279733,0.9142103223445874,2,1,5.391092811561299,5.391092811561299,-0.0,1388
acotado,0.5,0.37280525988554775,0.5355706377388191,1.2279732376129442,4,3,5.598738717584486,5.273207961877944,0.26213052941720827,1388
gaussiano,0.01,0.03696730806406112,0.07003185783765847,0.03870985012749806,4,3,6.014938840454741,3.566740770275904,0.9200981238651841,1284
gaussiano,0.05,0.22844901587028504,0.6073033381546787,0.2842800178660004,4,3,6.157335024826018,3.694275952300747,0.9054789772814728,1284
gaussiano,0.1,0.3537823058912758,0.8584791577620916,0.4873378237584912,5,3,6.074690565909346,3.6493802474767696,0.860560991218186,1284
gaussiano,0.2,0.6570320503681308,1.60934463446047,0.8771452306125365,4,3,6.544975400545827,3.868774377329531,0.9598111982048283,1284
gaussiano,0.5,1.606569027907415,3.4361865992731566,2.352748044534221,5,3,10.29681205505684,5.912578061463794,0.9064263466639054,1284
acotado,0.01,0.02383980479572262,0.03597708436560826,0.02609052690808772,4,3,6.02156107767768,3.584930018429427,0.9170177497027823,1284
acotado,0.05,0.15720184186415942,0.2561389680663687,0.20867143786674758,5,3,6.130367852040219,3.7051435704882145,0.9276660655273407,1284
acotado,0.1,0.21002641525422439,0.4389016210045232,0.34134510618165703,4,3,6.5240803075567815,3.6427334670987395,0.9525393774840504,1284
acotado,0.2,0.4245091585819365,0.8726051273658115,0.5520317198589084,4,3,6.896645674793073,3.984803556835466,0.9608495032457458,1284
acotado,0.5,0.7489065625971407,1.6237635962627763,1.431051653213161,4,3,5.961597893613606,2.7474490731043257,0.9821640744110496,1284
gaussiano,0.01,0.03299734876689164,0.0706371165209424,0.03475060435552402,5,4,12.128045447554072,4.972543175166679,1.2720157549238533,846
gaussiano,0.05,0.1987023631526459,0.42290141869616205,0.2980846155605422,5,4,11.935634140810334,4.876180338359898,1.2675638204028827,846
gaussiano,0.1,0.4624542516074478,1.1039453217697557,0.6945190253329847,5,4,12.46104265802521,4.9646676765964415,1.2537099800386868,846
gaussiano,0.2,0.6120945614969961,1.9348796201357403,0.7343561135571728,5,4,9.360362855500677,3.8350367008397424,1.2023105428845364,846
gaussiano,0.5,1.4068602201997251,3.0770702349399377,3.430647749510464,5,4,10.297196774427112,3.4996724955750964,1.2947794877560788,846
acotado,0.01,0.026786835810596932,0.06663948013455367,0.029002945658995083,5,4,11.961931042595406,4.8936276462410095,1.274583299050743,846
acotado,0.05,0.1936069796420845,0.47655023865293034,0.22653786779009788,5,4,12.461083592999257,5.139433232847716,1.2834554722631053,846
acotado,0.1,0.2651705662792221,0.5417250542915786,0.2671972880273652,5,4,11.755223846877914,4.92096792990929,1.2200810253434267,846
acotado,0.2,0.5346564354658996,1.264428947312041,0.6616792667441459,5,4,12.585004251516335,5.022790223948661,1.3166245935686218,846
acotado,0.5,1.6226851270770135,4.070172148978454,1.6691253845309157,5,4,15.844232421009242,5.624723172224175,1.2405448253890867,846
gaussiano,0.01,0.0339119562724681,0.09760773949025345,0.04699071604945804,5,4,4.585940514627698,2.2657236201351756,1.2183060384849662,722
gaussiano,0.05,0.1545090047856057,0.3955264854160876,0.1991219591795567,5,4,4.583920371877122,2.271158849048249,1.2183842086889722,722
gaussiano,0.1,0.6361474819496511,1.3405215357692697,0.6770292700560454,5,4,5.567294584197397,2.10278607410487,1.2474058508951669,722
gaussiano,0.2,0.5061991741466854,1.8086461866367114,0.6400244851382444,5,4,2.5586594035110175,1.925458864373966,0.8263781291022837,722
gaussiano,0.5,0.9420629960543665,2.7243890187659536,1.9550724086223266,4,3,7.142461433527596,3.384397199518159,1.0450993480574977,722
acotado,0.01,0.018216217047583277,0.053785160672755766,0.039068821386184394,5,4,4.621886318017339,2.249438084959281,1.2255960122182605,722
acotado,0.05,0.10306013517345458,0.24010561598748517,0.12091876638094423,5,4,4.828395317757789,2.2899474898021825,1.2473683853330286,722
acotado,0.1,0.21178002497320758,0.5365355650312545,0.3244502631474211,5,4,4.595056020796265,2.341375215864403,1.2191933439207991,722
acotado,0.2,0.3264800272172379,0.9442025088234524,0.5540642421351583,5,3,4.339002254052952,2.004095214957811,1.1076540006649662,722
acotado,0.5,1.7303821641574295,2.762704884562218,1.7473963807944408,5,4,7.81114169599924,4.543434654892003,1.0759948285140597,722
gaussiano,0.01,0.04136238334350795,0.11479827606242721,0.04847580768531623,5,3,7.45303823747468,3.3714641287416116,1.089140879685808,1035
gaussiano,0.05,0.12283278666640385,0.399485676358204,0.23184173094363825,5,4,7.700047379824875,3.2738220687678456,1.1510383363851184,1035
gaussiano,0.1,0.1310907834074786,0.296224517313214,0.3628275117641059,4,3,7.184204002307636,3.1744808134618285,1.066943513332668,1035
gaussiano,0.2,0.33934558895272815,0.7586679260444881,1.0462566972867395,4,3,7.16372864539123,3.6689297759658603,1.0105661830495636,1035
gaussiano,0.5,0.6420437889651522,1.7530982143083431,2.5183852641883657,5,4,8.811739839972613,3.8864146260505965,1.1369416042307123,1035
acotado,0.01,0.03128589050164021,0.06473540406043277,0.031343436298352456,5,3,7.327238961310731,3.3379351803634085,1.0764535238078077,1035
acotado,0.05,0.11545918295554869,0.26152786395267,0.15432830316872453,5,3,7.330864501124416,3.2227642197916557,1.1013172187178113,1035
acotado,0.1,0.1485518560351745,0.3835704966565989,0.45589808601676496,5,4,7.937351044629942,3.3637227772213394,1.1713090027735724,1035
acotado,0.2,0.5677052156910853,0.8303369933032306,0.745643574228342,4,3,6.4318241268719785,3.247505757470244,1.0271113707622503,1035
acotado,0.5,1.2536421943776683,2.798849387692671,1.766809003078875,5,4,9.54292244906767,4.366721008842085,1.0883694962320767,1035
gaussiano,0.01,0.06085712682724331,0.13994129975573055,0.06085712682724331,6,5,10.447348380986629,3.363626618819512,1.4873655034378315,203
gaussiano,0.05,0.24750753922364432,0.7857425088746353,0.24750753922364432,6,5,11.636035160206532,3.726514861449761,1.5083784451945803,203
gaussiano,0.1,0.3614837574344423,1.1885387405314933,0.7813416724464981,6,5,9.59880931004697,3.015360362876338,1.4495335967433505,203
gaussiano,0.2,0.6990439826762269,2.3613558000442962,1.812393134778589,5,4,9.102361366484388,3.5030900588177634,1.329256664467616,203
gaussiano,0.5,1.141818716163344,5.846476410197867,3.8393345227050193,6,5,15.780995729417848,4.439666696571107,1.539132253034191,203
acotado,0.01,0.02021255269410771,0.08832335327632568,0.022333982298626376,6,5,10.612823039195295,3.4677748253573144,1.4825030683199067,203
acotado,0.05,0.1446728059116258,0.40180815478628196,0.14832498799348914,6,5,11.006865906026096,3.440125318182518,1.4946997083871134,203
acotado,0.1,0.2808840352180795,0.6910734424268832,0.3712968925465461,6,5,10.994809976578281,3.8150669125257846,1.4824036447718179,203
acotado,0.2,0.549920003269974,1.2280928201677137,0.5542951851132595,6,5,12.314107032218349,3.632731342568381,1.4854071165523166,203
acotado,0.5,0.5808919851139673,2.378935262536599,1.4994029843573666,6,5,7.552403630278962,2.9352328973529325,1.3339763879076545,203
gaussiano,0.01,0.020288895983886057,0.05568076308871922,0.03355064320971923,5,4,10.15481774002382,3.917807146371355,1.340238847596793,59
gaussiano,0.05,0.1786388624010633,0.4546353351600563,0.29198172931614774,5,4,9.89594778592027,3.649975807049156,1.3480316161962478,59
gaussiano,0.1,0.31330553553138263,0.8187219678337297,0.41853521786448594,5,4,9.472684607561145,3.5087440646424586,1.3506915408550275,59
gaussiano,0.2,0.7236735451176362,2.246966214833982,1.288640893587545,6,5,13.243788824201927,5.27136264651242,1.3956113948060789,59
gaussiano,0.5,1.6692513462799314,5.658685033991999,2.435557843813548,5,4,10.660609372857843,5.2825563877925426,1.2098459724169572,59
acotado,0.01,0.015888782823758385,0.03365394064088889,0.02379292761314522,5,4,10.0614400524121,3.8836154173354185,1.3402961330811176,59
acotado,0.05,0.1302628474144797,0.31100980672196354,0.14944367712855877,5,4,10.511019505599416,3.909401505094298,1.3497642163817478,59
acotado,0.1,0.18097299667146483,0.5107141172286865,0.2589546399006686,5,4,10.265112961304723,4.018924921974263,1.3377057756638622,59
acotado,0.2,0.5282248635373308,0.9951920670075791,0.5428568246699479,5,4,10.425829959319017,4.018731704268787,1.3416666246674933,59
acotado,0.5,0.9358616570078924,2.161003484186022,1.483336504570302,5,4,9.47203688930682,4.422311628104866,1.2560307153593677,59
gaussiano,0.01,0.05373353945851722,0.17016730763465682,0.053821705031756206,6,5,11.177761153184392,4.414144056766994,1.2884093582190335,817
gaussiano,0.05,0.22971500143577028,0.780353901646743,0.2352273336604388,6,5,10.719567905429892,4.3444073580092795,1.2913932581820367,817
gaussiano,0.1,0.3802763917443279,1.7404071258252443,0.5201417921071674,6,5,12.20651346129726,4.626480681450198,1.3296791009234614,817
gaussiano,0.2,0.9404495317422843,3.0654646917143404,1.2352215124675727,6,5,12.091925594056079,4.174724911443701,1.3776387916345698,817
gaussiano,0.5,2.5188327656229905,6.9126786092674415,2.731208957459412,6,5,19.153228197160555,7.440352153494674,1.2697386779338204,817
acotado,0.01,0.026991224249272694,0.06154056572736244,0.031765046608177694,6,5,11.326229554594935,4.433385262892344,1.2897880042513252,817
acotado,0.05,0.1297275988415496,0.4161404387621451,0.15102544693935283,6,5,11.654815340988383,4.520324696768701,1.2990550441331608,817
acotado,0.1,0.21008660450572003,0.9000094566246891,0.3729528364053808,6,5,11.818986303327417,4.637556012920645,1.3274708567025548,817
acotado,0.2,0.43421035149440723,1.2095256853363594,0.5268683974610313,6,5,11.067657079101583,4.195192940043529,1.3259080612487812,817
acotado,0.5,0.9944035685819841,3.0404437619637408,1.4760211081181787,5,4,10.16374727053816,3.6496891003978265,1.2116932052575864,817
gaussiano,0.01,0.038841865362421624,0.11590658670477272,0.05070304111492163,6,5,10.11281060581926,5.65306615160999,1.1016402467910038,610
gaussiano,0.05,0.1549928754411143,0.5674508423554252,0.20813692692602848,6,5,10.466872496035908,5.725296109878877,1.1528393127205572,610
gaussiano,0.1,0.49908853096394523,1.122125146007427,0.5881690910613764,6,5,10.939662311672599,6.206770913910816,1.1264518577350542,610
gaussiano,0.2,0.765712217305802,1.9160537282627845,1.1334205812237919,5,3,11.059611080701334,5.220018813823563,1.0903734373268679,610
gaussiano,0.5,0.7375738988920968,2.3425829829237985,2.7509200004204235,5,4,8.50554618556449,4.4399748289107315,1.133448566175402,610
acotado,0.01,0.04027308302836996,0.08939104510825868,0.041229014782764306,6,5,10.103418467129902,5.654870087191609,1.1033880772453954,610
acotado,0.05,0.15442466356299,0.4392100386638853,0.20402167044391817,6,5,10.558695262572293,5.8858969630060844,1.1344285970436818,610
acotado,0.1,0.25663072882390425,0.6442319552041609,0.30913745734768217,6,5,9.961116208407223,5.6665104176670305,1.11056275055006,610
acotado,0.2,0.5541237925871703,0.9471076582816581,0.6116081861143907,5,4,10.704325553771422,5.639177980200074,1.1829829657441613,610
acotado,0.5,0.9784270973027094,3.4166142033844373,1.7022031374959097,6,5,13.087243834173961,6.600021669741707,1.3358396099836094,610
gaussiano,0.01,0.06092689526283679,0.12421076849458057,0.06337166475799627,5,4,11.737571784120604,6.806383626870266,1.1273145788763954,1063
gaussiano,0.05,0.1484384182686549,0.47360235141284424,0.18418677639988257,5,4,11.836833021685317,6.771256595113634,1.1302083345582894,1063
gaussiano,0.1,0.37005021518141135,0.7872102329941724,0.640035132343916,5,4,10.84437065327105,6.535789822713346,1.0995401840490882,1063
gaussiano,0.2,0.6941385126690414,2.0794569965043563,0.8497358844348395,5,4,10.957071449549513,6.146382149643271,1.1481150445859236,1063
gaussiano,0.5,1.5260400148837938,4.94397368697063,2.7436020338681413,6,5,16.288129221393994,7.734346067555558,1.2437321019483984,1063
acotado,0.01,0.04050346256563131,0.0883150271131633,0.04080353143769333,5,4,11.941845268504268,6.895573891661767,1.1318342614724664,1063
acotado,0.05,0.17350929740661403,0.4549041907225465,0.18235828909660357,5,4,12.234364405751801,6.968911913344707,1.1450873355551503,1063
acotado,0.1,0.22308637172613377,0.4578429620158675,0.30755601929937937,5,4,11.39127748651882,6.819422333026971,1.097714794528704,1063
acotado,0.2,0.6507683370724735,1.7544928479984347,0.6573800241778901,5,4,13.00206264758108,6.678634359323538,1.2128675634632449,1063
acotado,0.5,1.1016258769177267,2.9004702448426194,1.217413829725682,5,4,14.154354070507193,7.007185149003482,1.227772305483961,1063
gaussiano,0.01,0.031028453795154398,0.09247423984252656,0.05678202066118887,5,4,18.67288979655482,8.338683553561186,1.218329277828231,298
gaussiano,0.05,0.20812130750951408,0.45255578531674945,0.2129599824651196,5,4,19.05362707522875,8.616489525046962,1.2144240268536692,298
gaussiano,0.1,0.20304097168173774,0.5080907579948479,0.3443512728785634,5,4,18.92044391392309,8.489544521090004,1.2349431982531276,298
gaussiano,0.2,0.6702511747888331,1.6653699317668715,1.0099198444501272,5,4,18.442030471693133,7.249911166566858,1.2890059819843698,298
gaussiano,0.5,2.182541563601111,6.622836463654741,3.034322647315384,5,3,22.13362862539277,10.418985223245372,1.0551234044845321,298
acotado,0.01,0.021440532374488175,0.05314297780404864,0.03911178981839969,6,4,18.650977754922707,8.294398091209533,1.2193461122820288,298
acotado,0.05,0.11567070187790907,0.32327154167847505,0.14020939673681077,5,4,18.668410175838964,8.170064933944818,1.2241051984069964,298
acotado,0.1,0.282165176969321,0.5085117677413431,0.31315572536485403,5,4,18.086862594529148,8.303107153114135,1.2146216639453526,298
acotado,0.2,0.519110010683979,1.413748159285508,0.58938242824388,5,4,19.57772241724776,8.304177005888306,1.2146620959398733,298
acotado,0.5,1.0661704167416408,3.6126183839126407,1.4673318451288844,5,4,13.53677066815112,6.5646910199394295,1.1407631643146006,298
gaussiano,0.01,0.06549357516870824,0.1407963745127757,0.082250140742127,5,4,12.546326733243308,6.017850202776085,1.2122981983583687,1402
gaussiano,0.05,0.14185574934819178,0.37179488489045043,0.1629654723343823,5,4,12.138729723123724,6.114371258777036,1.1924468625700704,1402
gaussiano,0.1,0.4351264006311436,0.9317712992184414,0.44391674844592555,5,4,13.545267057155883,6.3715268238730545,1.2140471512542352,1402
gaussiano,0.2,0.42986964092206115,1.2650397536373297,0.5262960646061206,5,4,12.95517627809272,6.5196423930716065,1.136057231236165,1402
gaussiano,0.5,1.7583111389142703,4.82915423110612,3.381702915632289,5,4,20.40719835516188,7.136857964620679,1.3359347676135704,1402
acotado,0.01,0.023385332437929507,0.05717174583619411,0.02406067911145815,5,4,12.537195569515664,6.014041687243451,1.2167040471054358,1402
acotado,0.05,0.07555350221073365,0.23855643736945442,0.10451088711781842,5,4,12.503621778655157,5.947268120610813,1.2200485390456526,1402
acotado,0.1,0.3480212321935503,0.7075570994452813,0.38654418926481726,5,4,12.153675460529168,5.837023990144511,1.2287716846769228,1402
acotado,0.2,0.39854585066127,1.187044571420539,0.5562693964993406,6,5,12.042413300210562,6.02474032351388,1.2388122999306221,1402
acotado,0.5,1.1605086587377675,2.7780462394832184,1.7123462463599184,5,4,8.892523774833565,4.277091181834484,1.0562345116371032,1402
gaussiano,0.01,0.03139283028756967,0.08262497398155721,0.05527973818402687,5,4,9.362047505890049,4.218198668861318,1.1578358341554815,411
gaussiano,0.05,0.17728211270465333,0.4287947983536349,0.180129150710715,5,4,8.822220907109028,4.096522086158994,1.1502013491700152,411
gaussiano,0.1,0.43361246622514527,0.998293194773156,0.48756328641821667,5,4,9.034692709033292,3.8034441354663557,1.1734580637266019,411
gaussiano,0.2,0.5621001052260901,1.9207555013740216,1.1090501487319488,5,4,9.0998809247115,4.19419354771409,1.111181260309635,411
gaussiano,0.5,1.4846178251498539,3.157921525990916,3.369381945781591,4,3,5.8323119239429255,2.8772298547499227,0.9383987505619966,411
acotado,0.01,0.02399573355590301,0.06990854491611886,0.03132431319465945,5,4,9.341043639189504,4.170447152020497,1.1679067263567893,411
acotado,0.05,0.15688006447942726,0.30070777680584737,0.16009338735757583,5,4,9.40216585503637,4.152974995079759,1.159369728151718,411
acotado,0.1,0.24139039327110645,0.4472179478896118,0.29218471994598705,5,4,9.238420934724317,4.162242248724259,1.117989418934037,411
acotado,0.2,0.4119386399591507,0.9848148870425142,0.4728394503999399,5,3,9.244885257594952,4.3771288655842095,1.0088379528880962,411
acotado,0.5,0.7988288966087209,1.8588373452176796,1.5426894882186473,5,4,9.335432099105182,4.4152643985001205,1.1150187276691712,411
gaussiano,0.01,0.03733288302323645,0.1551717865623461,0.054403272471172937,6,5,18.390221689828117,7.791290627356484,1.4074907358050424,1026
gaussiano,0.05,0.22703823109937393,0.44474319292995557,0.22785570830125446,6,5,17.95256835843782,7.721322423679908,1.4046084577841647,1026
gaussiano,0.1,0.5368926727420131,1.773702137339043,0.785393626962958,6,5,19.26232318625158,8.4204441497651,1.39835198924788,1026
gaussiano,0.2,0.8908098156882085,2.9126543267968605,1.0127298137118197,6,5,18.207505877106016,7.0055317936409685,1.4881429615297648,1026
gaussiano,0.5,2.0804540034868557,4.853502708136849,3.1169436147301752,5,4,12.266343979902281,5.669566385388697,1.1345926449540231,1026
acotado,0.01,0.031478555355744176,0.08949939273579255,0.03162515758391282,6,5,18.46545113085381,7.79925909400861,1.4137932750672704,1026
acotado,0.05,0.12141733725409554,0.3908615527104974,0.14356907707795763,6,5,18.39545973003078,7.701522895480975,1.410957583907964,1026
acotado,0.1,0.30427010776816243,0.8049505823386987,0.30427010776816243,6,5,19.16190009222649,7.9410776535161,1.4232900168357088,1026
acotado,0.2,0.4859375002779873,1.6419375618865797,0.5164603132266721,6,5,17.394777687458465,7.9855570226358505,1.343286025907843,1026
acotado,0.5,1.5771520747323189,5.163269188759744,1.589681009627674,6,5,23.08623688068936,8.615070180452435,1.485323214328541,1026
gaussiano,0.01,0.03683847912218052,0.09958636358484085,0.052550891288377866,5,4,6.653129242669658,3.4617717091211193,1.1649413457447637,261
gaussiano,0.05,0.18483345130822548,0.5550660606844412,0.21652678901036282,5,4,6.299717482381072,3.2762954068619043,1.1640126058223266,261
gaussiano,0.1,0.35766804594590473,1.1572907140544073,0.7779310732332885,5,3,5.36673497524392,3.04344405226245,0.9994810965611802,261
gaussiano,0.2,0.9294673248517378,2.2527149035940752,1.2841292787844716,4,3,4.989795989871791,2.682178041702336,0.9213464010085946,261
gaussiano,0.5,2.4472826199384086,6.165388610447884,3.8044350080291123,6,5,15.08715474535445,4.894565239876818,1.3456496393213748,261
acotado,0.01,0.021869823612125527,0.058787878415974104,0.04275632072728275,5,4,6.515749953911406,3.4561428355032455,1.1478598754840683,261
acotado,0.05,0.19572747101789767,0.3508811269270542,0.19572747101789767,5,4,6.749884676333483,3.4923331387179886,1.1426454076146537,261
acotado,0.1,0.24857477759971547,0.7003796630974816,0.25345859069588395,5,4,6.650797218411547,3.0718410593624954,1.252646894277349,261
acotado,0.2,0.5695091163039632,0.9381568589698276,0.6602214440804408,5,4,5.914025217002962,2.826810372081703,1.2227435682681052,261
acotado,0.5,0.9621635984941128,2.171811666120795,1.3476083348589571,5,3,7.508947342747522,4.731204205458905,0.8094877055669701,261
gaussiano,0.01,0.09051476869562292,0.18384703693126403,0.09114630028229476,5,4,8.218677498492523,3.16603287081893,1.2835371328561418,383
gaussiano,0.05,0.249419498465546,0.6654799936745849,0.2804741043416411,5,4,8.37949181775867,3.172279904156891,1.2955715970266428,383
gaussiano,0.1,0.6830424140449944,1.0529707514964546,0.7088254943889921,5,4,8.27140918837895,2.9842483358152423,1.257585335205822,383
gaussiano,0.2,1.048107431166109,3.2671623231211404,1.3371073486286766,6,4,9.03458555223164,2.7270733679342065,1.3930259566361696,383
gaussiano,0.5,2.5917888558935216,7.4094453481902995,3.7086565361988555,5,4,17.12778301444553,6.244874234767732,1.2010764079663196,383
acotado,0.01,0.029181956014171728,0.08301006562271118,0.029914996958417817,5,4,7.94478353678859,3.057841798860956,1.2867254009999887,383
acotado,0.05,0.1649343717834304,0.3877670976052736,0.1683500509567264,5,4,8.091792231404108,3.2196571723190246,1.2708530618131975,383
acotado,0.1,0.3417138657167986,0.8602341560524135,0.34258146962971514,5,4,8.199067777683464,3.166398631709069,1.2876665794810722,383
acotado,0.2,0.64399326691576,1.226536438256144,0.64399326691576,5,4,8.952321417749559,2.985057829050648,1.30629648082277,383
acotado,0.5,0.8796420526077813,3.141351552334506,1.9019128527605773,5,4,10.010901859994895,3.207698954239747,1.3183988271493736,383
gaussiano,0.01,0.03334454676404891,0.10240092234036763,0.06266537050490983,5,4,9.22495129479491,4.345008544663448,1.1122771560362272,1102
gaussiano,0.05,0.19278392794160543,0.5575716907537667,0.25746710269254347,5,4,9.537773890527518,4.338396369600622,1.093271259222858,1102
gaussiano,0.1,0.7975098506965754,1.3215646062425537,0.5387420691110614,5,4,9.091493493765155,4.088755071660524,1.106040585976116,1102
gaussiano,0.2,0.5613390494347101,1.1434399882002149,0.9675579345887311,4,3,9.743288884670601,4.985999285152614,0.9551603127927155,1102
gaussiano,0.5,2.409594245119674,4.751473215469726,3.5667931733877998,4,3,16.539623841080637,6.662756865642695,1.0878932451516063,1102
acotado,0.01,0.013579420529153341,0.03548353935736187,0.0335690883684574,5,4,9.223714345005536,4.338459710341233,1.1133751311310647,1102
acotado,0.05,0.12234160207447209,0.31360855270610755,0.13688300233037443,5,4,9.15003326653604,4.386493035379126,1.1104508790493017,1102
acotado,0.1,0.17705241199469718,0.46390851464391397,0.2281123324787233,5,4,9.543287531131512,4.5447120007819,1.075505385686732,1102
acotado,0.2,0.547227197520133,0.9392006412670763,0.5480117374129853,5,4,9.571600785146734,4.224646256870419,1.0360968101713541,1102
acotado,0.5,1.1322475106672654,2.905136702871908,1.133005266495148,5,4,10.05066645248424,5.202443411811903,0.923984630228829,1102
gaussiano,0.01,0.052275080442112376,0.12148278388052935,0.06790944631719853,6,5,13.571258913173988,5.164582346504822,1.3646478290614399,1103
gaussiano,0.05,0.19916908248288134,0.5757297291796692,0.2324533309858099,6,5,13.804006127197587,5.228585358044855,1.3605400069868505,1103
gaussiano,0.1,0.2387387794683915,0.9557949539122805,0.42941412844849847,6,5,12.992677514859764,4.993843581240409,1.3397036879748072,1103
gaussiano,0.2,0.44879682407785215,1.4361824103014897,0.6233321507521087,6,5,14.330168503546783,5.363105298037399,1.440613473901357,1103
gaussiano,0.5,1.1230772306085792,3.9616820817488687,2.20392033222201,5,4,17.293587932489597,6.843685772205305,1.1835328641886582,1103
acotado,0.01,0.0193582923692186,0.07205303503743232,0.019511714137439462,6,5,13.64883062159362,5.203898963636432,1.371147487499822,1103
acotado,0.05,0.22380553783447743,0.4563607544111641,0.22961559362801776,6,5,13.245185743559452,5.0839658759430755,1.374619367240621,1103
acotado,0.1,0.21236792047464514,0.7913648102369173,0.22576264696666803,6,5,13.921695668355934,5.249557777762582,1.3562876915409616,1103
acotado,0.2,0.7131632130960561,1.8312928075949197,0.7505062401852496,6,5,14.857205943396451,5.595253392346645,1.4374324394845372,1103
acotado,0.5,1.1875954629551004,3.436015305389644,1.8810794045833827,6,5,10.197161350466313,4.831293004733337,1.2859966590616803,1103
gaussiano,0.01,0.06519638818992834,0.16748706790998136,0.06538797641608873,5,4,12.87121133695407,5.064028876292536,1.314761800946525,529
gaussiano,0.05,0.24209938520674745,0.6601699629420077,0.2781615625214256,5,4,12.183161672885516,4.881733544023827,1.3106524270069146,529
gaussiano,0.1,0.4596432761327177,1.2152532886532765,0.46656492211055656,5,4,13.191518571869597,4.87980744818529,1.3226130112703924,529
gaussiano,0.2,1.0643300703088738,2.8367781933243474,1.091885861238427,5,4,9.868418811491129,3.8477326415754574,1.2330457857432848,529
gaussiano,0.5,1.0873681246297888,3.3522412388873404,1.4979765097026965,5,4,8.670277969530389,4.103482750329978,1.2593693281871792,529
acotado,0.01,0.020520527144489265,0.06658191392652535,0.02991949190976073,5,4,12.701998634368092,5.019909689784749,1.3136890911823735,529
acotado,0.05,0.12598599235980112,0.3048939832344319,0.12715340374908168,5,4,12.700219183384155,5.032131193208821,1.3130251124360408,529
acotado,0.1,0.2641818156294722,0.5340068279920296,0.267323905043916,5,4,11.990531193486255,5.001914405296096,1.2978061981553006,529
acotado,0.2,1.7225116273878407,1.0263355577316542,0.4375605445058466,5,4,12.652913477363347,5.201782152008496,1.2909172732122436,529
acotado,0.5,2.180332219767669,3.015845705801495,1.1102477855599453,5,4,14.688671678675242,5.676762308752804,1.3054480495740846,529
gaussiano,0.01,0.057866737011853076,0.1306763028750293,0.0610501344246992,5,4,33.18154226967712,12.692398152530586,1.318760765704958,1269
gaussiano,0.05,0.20499051071846264,0.6653055603555869,0.2937507885027877,5,4,32.88203146320589,12.67016252880386,1.3140883555250769,1269
gaussiano,0.1,0.3651432309577052,0.9970899018805301,0.3918375662125133,5,4,33.84607802462615,12.832257873678238,1.3175797014285864,1269
gaussiano,0.2,0.800855144804633,1.7505418695845394,0.9383227895917352,5,4,31.812637740631928,12.016660610498743,1.3229936445451222,1269
gaussiano,0.5,1.129737282382219,3.6404141616634207,1.5259534842363602,5,4,33.51559975685038,12.45564000947977,1.2925498293258477,1269
acotado,0.01,0.03441719401227239,0.07453313232364955,0.03500771416927706,5,4,33.27936783147102,12.74042348037307,1.3196264399299253,1269
acotado,0.05,0.13601895992063362,0.2782005503823446,0.13650181997776034,5,4,32.95763165285316,12.61619564050588,1.3196921425155133,1269
acotado,0.1,0.2381433251987961,0.6184433504279008,0.3193249602833914,5,4,32.99539555442125,12.603087543185449,1.3215227171198136,1269
acotado,0.2,0.5268208158204795,1.1314034663279182,0.6366061991666117,5,4,32.69891358937395,12.58774846789315,1.3210218679846042,1269
acotado,0.5,1.034045696966523,2.8674676140998576,1.203432627874745,5,4,32.81270799922752,12.131991807406433,1.3364623184232756,1269
gaussiano,0.01,0.061237901336495426,0.08094414052146925,0.06545489095654089,4,3,12.553547656018372,6.765053846666712,0.7700000634087083,526
gaussiano,0.05,0.22429926442235804,0.5354930443285248,0.2330299028828322,4,2,12.619117275988787,6.897918981055987,0.7158082154324357,526
gaussiano,0.1,0.5133337770413595,0.9733647004796615,0.5530654064137508,4,3,13.94174408767934,7.560794977889712,0.8120703710627973,526
gaussiano,0.2,0.29400514470573214,0.5779394118801542,0.7302388936687021,3,2,12.376646424365262,7.107560368860506,0.6820736122435846,526
gaussiano,0.5,1.4755975321225354,1.7228369562491843,4.696642005905486,3,2,14.116463614773423,7.617338268006567,0.6900065107598568,526
acotado,0.01,0.017463515968876298,0.028926605544738138,0.03269475300397018,4,3,12.504097826855002,6.777192224815519,0.7558268157075481,526
acotado,0.05,0.10212972516681251,0.2055950551414929,0.14534609406718324,4,3,12.696687360096792,6.829176693808074,0.7791562834937726,526
acotado,0.1,0.27556265278625247,0.493527023303312,0.27634137090305666,4,3,12.78007285674822,7.168423348238026,0.7456529095687741,526
acotado,0.2,0.37022365941026747,0.7914906700399147,0.45676726877195906,4,3,13.076790697644913,6.683347284472191,0.819114145767841,526
acotado,0.5,0.7580561033782738,1.5650626582810605,1.2800697491059911,4,3,12.812357435226652,7.4541875966454105,0.8079962060306003,526
gaussiano,0.01,0.061227332231949205,0.17022899525753465,0.06627938671987121,6,4,17.442160948396868,5.968897642154678,1.3512344721682688,1151
gaussiano,0.05,0.19266668942411225,0.5612224062443691,0.20101137855552276,6,4,16.853615076409543,5.793078806898987,1.3390680402942736,1151
gaussiano,0.1,0.37099855472358767,1.1356357509505326,0.4342331668542012,6,5,16.626646638416833,5.74362853957032,1.358545184502457,1151
gaussiano,0.2,0.8396267246491367,1.7911669867905782,1.1557114448352968,5,4,15.743331452682737,5.220557610150058,1.3577263641981894,1151
gaussiano,0.5,1.3940380345976258,4.244907071817945,1.7560113130738466,6,5,19.823815144320974,6.224079827433112,1.4093881436249078,1151
acotado,0.01,0.025323911359035556,0.09018671308348525,0.027056685800343594,6,4,17.28254688467107,5.943268551874963,1.3484292156791788,1151
acotado,0.05,0.1435424202200961,0.3310699245123214,0.16692599985999212,6,4,17.425192167408156,6.017412545878932,1.3448102643341975,1151
acotado,0.1,0.24508020114729323,0.6899579310227092,0.3387521508370144,6,5,16.69273570038185,5.787267032820063,1.374562147842522,1151
acotado,0.2,0.3417399013874378,0.9222315950203559,1.026383661945956,6,5,18.24245473480449,6.0592711685603895,1.45227740859003,1151
acotado,0.5,0.8506366780679318,2.7522277061876945,1.160449327731606,5,4,18.679107180270414,6.455697588025719,1.2779500269457635,1151
gaussiano,0.01,0.05522891544511932,0.12549987767867266,0.056274634143326896,5,4,12.544414372397963,3.8445816272136737,1.3589912836188012,1230
gaussiano,0.05,0.1449727202517186,0.34695916283808037,0.23820408130424964,5,4,12.541652738749816,3.8706268018143644,1.3596481432916754,1230
gaussiano,0.1,0.7342238152826934,1.6689149467233375,0.7358362322514035,5,4,13.47244541985825,4.272591485713365,1.3704091591596796,1230
gaussiano,0.2,0.8518289410921565,2.5396282265249956,1.3979826960630897,5,4,11.193602989234735,4.868773418710068,1.257290976000659,1230
gaussiano,0.5,0.9976476309363813,2.8800376212180105,2.980947735743265,5,4,15.148917149188065,4.827798287401013,1.3646832576014516,1230
acotado,0.01,0.02129336476507171,0.0726013614312564,0.02861419374438956,5,4,12.59052632151057,3.8771557385005844,1.3604796037497833,1230
acotado,0.05,0.12797314546733685,0.3409428801003961,0.1471551625802736,5,4,12.597295858326362,3.803423697570918,1.357291121174843,1230
acotado,0.1,0.24278590864974292,0.7646217035983219,0.32365524782254695,5,4,12.479190686967641,4.038009092971654,1.359578372808772,1230
acotado,0.2,0.4550636877799954,0.6812721539686637,0.46295110209549684,5,4,12.853955675156307,4.126760224299025,1.3481264369081056,1230
acotado,0.5,0.781208582511183,2.115332338488468,0.9471813626342216,5,4,9.724263315969205,3.3837062960616704,1.2827415274783873,1230
gaussiano,0.01,0.02660951028127989,0.07158360012686582,0.04067582198861275,5,4,15.064052846165598,4.832584646891703,1.3576434108277804,781
gaussiano,0.05,0.1826913518975153,0.4963195782002603,0.18790940232954778,5,4,14.749843426104563,4.94418057131929,1.3516800143222387,781
gaussiano,0.1,0.3590120878921681,0.9405162274480633,0.4088552921786608,5,4,16.34419067880315,5.324876542178567,1.348669549555173,781
gaussiano,0.2,0.8763098594553294,2.1062959277874205,1.8656901134397172,5,4,15.777593226312806,5.082950940800383,1.3373116250195303,781
gaussiano,0.5,1.7116932522828159,6.260558107933706,2.717075798819532,5,4,21.01668934231759,7.10299492274266,1.3318490123365208,781
acotado,0.01,0.024642508459360668,0.04499511811391499,0.02604066743284017,5,4,15.042301153846402,4.866076059055466,1.3556531115354302,781
acotado,0.05,0.13368305197497232,0.2890749430208819,0.13457825541891788,5,4,14.86947427826381,4.751103594799063,1.3570641656762679,781
acotado,0.1,0.3304091163310505,0.5204756674006483,0.3304091163310505,5,4,14.945716776723863,4.941506630573385,1.3581892575476238,781
acotado,0.2,0.49703856116631906,1.0416105291090756,0.5001123184438467,5,4,14.260568206573687,4.922071741155641,1.3374822818358385,781
acotado,0.5,1.0249580450809592,3.0994755448310176,1.788228666907713,5,4,16.158120395892965,5.357344462814458,1.3240999097394335,781
gaussiano,0.01,0.03252389181163462,0.08134284125381153,0.03276549004928153,6,5,12.654335276749823,5.633742291517399,1.361000790982153,1223
gaussiano,0.05,0.25832569319186627,0.6924855875903586,0.25832569319186627,6,5,13.526126639270247,5.883886333069893,1.367095931887273,1223
gaussiano,0.1,0.4233331861659776,1.2757833212144498,0.5498211574301504,7,5,12.960959764086493,5.664897756875879,1.4099498057941278,1223
gaussiano,0.2,0.30281237360109725,1.229246091943736,0.37940336495339755,6,5,13.574157207820102,5.883145373257284,1.3400396641875199,1223
gaussiano,0.5,1.6341808209213045,4.364713903050188,2.3147958104961317,5,4,8.46116261672624,3.839285989973739,1.23657083219349,1223
acotado,0.01,0.021748531866236376,0.0656511811196353,0.028990052491769558,6,5,12.554320485916753,5.640105822428517,1.3558894674386015,1223
acotado,0.05,0.14631340768613255,0.4328633572474556,0.14702514264219535,6,5,12.76627210929899,5.659747519357067,1.3788507688650666,1223
acotado,0.1,0.22745043250166264,0.918782895649146,0.2600629782204037,6,5,12.980889379924331,5.794643526637007,1.3581579400846748,1223
acotado,0.2,0.5299717138613906,1.5612790765002393,0.5735479527751752,7,5,11.103992323775977,5.119959121623128,1.302646444379436,1223
acotado,0.5,0.9288537042866294,3.304117926879379,1.3919380321535146,6,5,16.242546071465195,5.955038118056338,1.4724344996504797,1223
gaussiano,0.01,0.05745332667614811,0.11115175039559033,0.057814083625912005,5,2,7.40223546671249,4.77510982658968,0.7217885088193293,1465
gaussiano,0.05,0.22903370992389416,0.4821736789200378,0.25220985195837264,5,2,7.0214170300501895,4.731563198739217,0.70079369295139,1465
gaussiano,0.1,0.23281203885582435,0.5312587787970496,0.5875283209535795,4,3,7.82670989743861,4.950072234206969,0.7255898040634106,1465
gaussiano,0.2,0.4207214802457311,0.963478582163785,0.9227043800382526,6,4,8.025367803317632,4.842369568035747,0.8222041932054147,1465
gaussiano,0.5,0.5997633962616491,1.8397239031109784,1.8295004772558014,6,5,9.056890333495213,4.877758019651761,1.2161118865609115,1465
acotado,0.01,0.02197688708600598,0.04115039636533868,0.03290561367842537,5,3,7.392854526908856,4.737011521439003,0.7301739527426935,1465
acotado,0.05,0.10102234196671706,0.24663608904607764,0.1324827538960882,5,3,7.495294624736692,4.710609474401098,0.7855980157297648,1465
acotado,0.1,0.13255733142492598,0.3664675919347239,0.3580227392795914,5,4,7.840928410258142,4.848889348416355,0.8390867044441432,1465
acotado,0.2,0.37246945096864126,0.8136157807724074,0.5851634677187998,5,4,8.323745433063957,5.238995781199041,0.9248502164144429,1465
acotado,0.5,1.036062618176023,2.15537234494502,1.58245095750349,5,4,10.098125884044208,5.247402083787831,0.8676712174310299,1465
gaussiano,0.01,0.05261500777270567,0.11970395715459548,0.06884052215416414,4,3,7.9511331223034505,3.520134260266823,1.0442069208500586,798
gaussiano,0.05,0.36163542424959116,0.8587809654508491,0.38073565825971767,4,3,8.58172504626526,3.7960258768083124,1.0200382627682454,798
gaussiano,0.1,0.32926932309465684,0.571825144874611,0.6121300808985415,4,3,7.615894403665806,3.4840835662298915,1.048877580850812,798
gaussiano,0.2,0.3966357295588554,0.8412026222326101,0.59548184125063,4,3,8.79916553659882,4.03388033852262,1.0469031870138743,798
gaussiano,0.5,1.0165219887754433,2.5102568547756636,1.8679889106143075,4,3,6.818726159798483,4.295461292104644,0.878560192350835,798
acotado,0.01,0.014992971603525307,0.0345968970125623,0.01657996587256383,4,3,7.926018010073717,3.51481649042102,1.0369741600927382,798
acotado,0.05,0.08459889481744343,0.21302582689057314,0.18029445930406615,4,3,7.9086274148025,3.4787838478892033,1.034781512466545,798
acotado,0.1,0.07824565951724405,0.2283893045557408,0.2567833073157355,4,3,8.167060415701844,3.582768917853776,1.04114590917036,798
acotado,0.2,0.4179877933741608,0.9897197245654775,0.6097219563482963,4,3,7.982408217890328,3.6384588461605167,1.0467387078474837,798
acotado,0.5,0.8330429244828275,1.3081029505927693,1.9355315926587773,4,3,8.480732608912806,3.9975299981740178,1.0395000653657374,798
gaussiano,0.01,0.0293973393036977,0.04782627916589233,0.029460668116448208,4,2,3.3791361334375782,3.1116508898963557,0.2864604501132236,270
gaussiano,0.05,0.106686982947791,0.17910432460313785,0.1503167697672354,3,2,3.3899519019680646,3.1463589488590054,0.25841704703375246,270
gaussiano,0.1,0.442542199845144,0.5444169873965548,0.47379199565205377,3,2,3.19147884728143,2.783574043479911,0.3822034402303332,270
gaussiano,0.2,0.5585607050911114,1.0186988239653458,1.1736294354450578,4,2,4.809157748572936,3.635912141657042,0.6024663094976677,270
gaussiano,0.5,1.4526445855585348,2.400451460633123,1.8765537386347242,3,2,7.111873773730783,4.206584602613713,0.6763125645189603,270
acotado,0.01,0.037452530803899986,0.06729026193500598,0.047983192884439974,4,2,3.443448147177879,3.139658320318724,0.31141841000556847,270
acotado,0.05,0.12099352167593347,0.21520389218140756,0.15932912766020935,5,1,3.139123739385427,3.089911523666715,0.09035672992397711,270
acotado,0.1,0.23910160842994282,0.35538984662912765,0.30597334434091256,4,3,3.8598186548536377,3.14908131601937,0.5547721960281106,270
acotado,0.2,0.47324622240804626,0.7326271637819726,0.6139659827134865,4,3,4.145351798972446,3.4816328756220454,0.5218428256876222,270
acotado,0.5,0.391342225726798,0.8283272856455433,1.226718541347923,4,3,4.381152049847328,3.175724444082041,0.7665608508740831,270
gaussiano,0.01,0.03896494040725462,0.1128239633225342,0.05026018759714912,6,5,13.389141960043913,5.143752649004467,1.4138780197054728,887
gaussiano,0.05,0.2217345297062261,0.6298608025654312,0.23939624389315428,6,5,13.597506707002822,4.9092124024022965,1.4410615279023318,887
gaussiano,0.1,0.2325368531667218,0.7577609550121887,0.23483638372235627,6,5,14.02627739422547,5.138743608406229,1.4246515174884025,887
gaussiano,0.2,0.8067677618083353,2.0925798305130296,1.195899431866824,5,4,14.636062227909472,6.112083981731578,1.2772212503037343,887
gaussiano,0.5,1.5809496952431306,4.651678278574119,2.193165900015333,5,4,19.8037085639608,7.208912712585417,1.3487603264100447,887
acotado,0.01,0.026237030765748237,0.062461639729036844,0.026592249342464402,6,5,13.344543146035868,5.113760442858581,1.4115550930930427,887
acotado,0.05,0.1263332085367732,0.3398324590524423,0.13950026514028813,6,5,13.304635003355962,5.07842165883116,1.4362002876241542,887
acotado,0.1,0.24216952158261207,0.649998792417597,0.29598024964850267,6,5,13.396145636959815,5.322348738687094,1.394933456840813,887
acotado,0.2,0.4629308923950628,1.28252953301686,0.5119150815008102,6,5,11.797176262096183,4.441027461892841,1.385559019711318,887
acotado,0.5,1.0065718393196077,3.171157287530682,2.187502020539514,6,5,15.266116303721347,5.099553954179919,1.3782446473369954,887
gaussiano,0.01,0.029822196571681725,0.06629912100316881,0.04789327947114008,4,3,8.283049589914484,4.577675649298377,0.7543631858279927,590
gaussiano,0.05,0.20659976716666462,0.5356067008412627,0.3448380698141109,5,2,8.774154960436652,4.860211906570109,0.750317730255339,590
gaussiano,0.1,0.2948119734958201,0.7077129238718354,0.32774490573861526,5,3,8.275928711919843,4.836402894531063,0.7879867764523287,590
gaussiano,0.2,0.6493469126428977,1.5726453982907853,0.9166634245773347,4,3,10.620869591485603,5.654412002828163,0.8351211362608508,590
gaussiano,0.5,1.151259846977338,2.5170605433256026,3.2503627389424747,4,3,10.120262945737622,5.854222378090477,0.9004523925039297,590
acotado,0.01,0.024833994534506187,0.05124935132050057,0.04222565743111728,4,3,8.27139521025545,4.555231893834321,0.7643870334613779,590
acotado,0.05,0.07841324722009635,0.17211642157167495,0.20191230121934467,4,3,8.248178139514184,4.562751277023725,0.7692001502947006,590
acotado,0.1,0.1755010891466895,0.3824514436054979,0.31765109437318984,4,2,8.017026501642196,4.585414529152494,0.7355205911696747,590
acotado,0.2,0.36238348332046433,0.8333795372372383,0.5443493375091502,4,3,8.747307693659128,4.355599948297527,0.9180224850799819,590
acotado,0.5,1.0906524591970777,1.90898687316072,2.1420726575673656,4,2,8.21726083770072,5.686187984272026,0.6602631206143879,590
gaussiano,0.01,0.031752762086617814,0.07236144963437363,0.044976349653504055,5,4,14.771725278016099,5.211978020255173,1.2958093503544734,829
gaussiano,0.05,0.24122936948363793,0.637624494408259,0.3564374336272347,5,4,15.112010610568166,5.283760547887751,1.3002511340921739,829
gaussiano,0.1,0.4832431056161113,1.2778531940748346,0.5226242831835348,5,4,13.975307187524002,4.886680557634174,1.3113040529957845,829
gaussiano,0.2,0.90164156513567,2.2196255524778734,0.9462745217650079,5,4,14.831263241256732,5.363291291224995,1.3122187614430683,829
gaussiano,0.5,1.6344131346102495,4.775812654563535,2.214459019058082,5,4,14.302117805192465,5.827315309660815,1.2138227422139025,829
acotado,0.01,0.027736054262766263,0.09427188612570736,0.03067376513012121,5,4,14.864575667360453,5.2347645547314245,1.2973154849305941,829
acotado,0.05,0.11516125039372627,0.26777879141522853,0.12656328127427496,5,4,14.698560458300182,5.245183851529554,1.2951816373915477,829
acotado,0.1,0.28893825063335465,0.48468481078087766,0.36698279541616197,5,4,14.419361616434903,5.179345994758805,1.2898514585767882,829
acotado,0.2,0.41816195285112956,1.2036765877964832,0.7635531492547885,5,4,14.380958694846745,5.00543822319948,1.2878217863354544,829
acotado,0.5,1.1603929580650512,3.2636452870693207,1.1697429117960374,5,4,18.410824163259278,6.464575609936773,1.3309203120426734,829
gaussiano,0.01,0.04378899733023944,0.08962332004242868,0.04589483241926651,6,3,7.123803872145381,3.8944783260826044,1.0247585264137484,838
gaussiano,0.05,0.270852691745759,0.6163834915528528,0.2872700846280366,5,3,7.128037554570667,3.9917945777884065,1.0198125892834278,838
gaussiano,0.1,0.2632179269017766,0.6063729398155375,0.429537204298053,5,3,6.811670483869866,3.90652205366786,0.9530861824960841,838
gaussiano,0.2,0.5078196067381593,1.1866855482637861,1.13409906500469,5,4,7.75112579831929,3.9701030028913586,1.0789068200161127,838
gaussiano,0.5,1.5170048241940024,4.710653600895975,2.429666747868043,5,4,14.197765670988916,5.085849874838294,1.3095043424556492,838
acotado,0.01,0.024845191693598778,0.05531944152778473,0.036482240997695925,6,3,7.123752218949234,3.9182549994656526,1.01709642419705,838
acotado,0.05,0.12099825855429835,0.35827659931620354,0.13628542617488093,5,3,6.917854305389868,4.01091738085971,0.9742195427538816,838
acotado,0.1,0.36383526254921084,0.6939775627195266,0.42279333207719627,6,4,7.992061747773433,3.882350884098928,1.0801641627093332,838
acotado,0.2,0.32747478882238135,0.9123439030057805,0.5206004393012539,5,4,7.855595938232149,4.0509358430428595,1.0402596769013917,838
acotado,0.5,1.283153852014487,2.749559748587949,1.283153852014487,5,4,11.462816269624104,4.6490994661244365,1.2699253836830184,838
gaussiano,0.01,0.03901801980676711,0.05996775571603591,0.04146043473127875,4,3,12.011249265171472,5.72122356240232,1.0426379179420437,1461
gaussiano,0.05,0.15613117958107914,0.30937648983293214,0.2898717054877131,4,3,12.240927619017114,5.706983296770232,1.0463410127745014,1461
gaussiano,0.1,0.41086074835067954,0.6806515808193927,0.41495878705305395,5,3,11.685758670878629,5.632683460295757,1.0388441741898478,1461
gaussiano,0.2,1.0298734962689626,2.3375299439710564,1.0330079256942648,4,3,12.581442995314273,6.97975209288153,0.9539757109831559,1461
gaussiano,0.5,1.2027947095320108,2.9865832261366716,2.775885305892865,5,4,14.853390245031342,6.080947903826897,1.2257960901106848,1461
acotado,0.01,0.024008039540230897,0.04843730371256866,0.03250111828677671,4,3,11.997694703889772,5.746322403320438,1.0409172837163143,1461
acotado,0.05,0.10257923174686301,0.15912814312764856,0.1455398351904198,4,3,11.875820235730696,5.556682242131431,1.047693480235739,1461
acotado,0.1,0.15906426068750124,0.30346603581838877,0.24034996128132846,4,3,11.762939774266332,5.4437865041249704,1.0500382376928554,1461
acotado,0.2,0.34927441964303907,0.8596467678909667,0.5583255309468953,5,3,11.864925182526733,5.2981807919147235,1.0541490026892457,1461
acotado,0.5,0.841949412478546,2.2722750541455685,1.3842265777355622,5,4,10.888297588474288,4.369954883922687,1.1968909913117223,1461
gaussiano,0.01,0.031746030515566126,0.10138257205028589,0.048337954986707565,6,4,11.937264278222255,5.0082828359080445,1.1509119310675,420
gaussiano,0.05,0.22741946900937493,0.5438558315778917,0.3408384197172454,6,4,11.771498320256807,5.1488347342816,1.1344329098809083,420
gaussiano,0.1,0.3122122925043316,0.7717808117803057,0.5712839962719065,5,4,12.173472996039777,5.142415369704364,1.1516604152575662,420
gaussiano,0.2,0.8894785186220635,2.4862707291149437,1.0215058984266872,5,4,11.511447271457113,5.636965762610577,0.9804161593859455,420
gaussiano,0.5,0.9463736439374126,2.5464461315365696,2.2790072618832866,5,2,12.514545195316693,6.361109927870025,0.7613975506668469,420
acotado,0.01,0.020898310130449183,0.054981962519866645,0.021446032151977712,6,4,11.961083139368547,5.040501443359813,1.1462697720185573,420
acotado,0.05,0.13548162561930788,0.44276754702936705,0.145577702481976,6,4,12.33003290212168,5.206965216605354,1.1637911053311953,420
acotado,0.1,0.26833001906721066,0.6196190048424352,0.2750461723824347,6,4,11.296358116472248,4.9657032131302135,1.129437158720675,420
acotado,0.2,0.26326347058049326,1.0052933205501136,0.6342749144762566,6,5,13.00392716899835,5.155712173581074,1.3021334484579343,420
acotado,0.5,0.4325984517618138,1.3153998650088656,1.0640055255985021,5,4,12.150779840022613,5.259942138293814,1.1541656693230007,420
gaussiano,0.01,0.04338878433664273,0.11414739450020472,0.05227834309317292,4,3,18.361789237108773,10.64854558079355,0.859596479955953,649
gaussiano,0.05,0.28035102411060153,0.4475462790110334,0.3358799278226754,4,3,17.993820072793348,10.723658257411193,0.8082683515068653,649
gaussiano,0.1,0.44043626775108535,0.9475864888860244,0.5112221522951492,4,3,17.804347327213115,10.60078788928336,0.8144606853877343,649
gaussiano,0.2,0.8565338798411031,2.0206800062712773,1.5251873893397523,4,3,16.1777173466485,10.213628687461872,0.7522326808153064,649
gaussiano,0.5,1.5784792423146623,2.8343749120459902,2.9849173820697708,4,3,16.265554799899984,11.230255449404297,0.6840322701191032,649
acotado,0.01,0.016924363353454153,0.04056366924396149,0.026512903233241847,4,3,18.442630375450943,10.679666007638765,0.8546819383863822,649
acotado,0.05,0.1673284606821207,0.3225022717753595,0.17313262970127508,4,3,18.47107615508758,10.735691397450978,0.8633591944864317,649
acotado,0.1,0.24351076504195346,0.5364918386711532,0.3021771654014277,4,3,18.730936249894754,10.643792087673194,0.8570538562141738,649
acotado,0.2,0.4848770205058104,0.8757093239625395,0.6806357711420441,4,3,19.042591931662777,10.955165471801152,0.865565184567771,649
acotado,0.5,1.1132923048427052,2.330569819067726,1.684392369648398,3,2,18.29663614335208,11.244959470939211,0.6666498193482469,649
gaussiano,0.01,0.03538285677938102,0.09233572192513562,0.03691937372240428,5,4,18.526107463992297,6.3273009909273,1.3132239840508413,1488
gaussiano,0.05,0.17136735801680147,0.48293576599365684,0.20558394489763643,5,4,18.1974814978312,6.146596602734982,1.3131184413528834,1488
gaussiano,0.1,0.23626523832114188,0.5848690826694153,0.5269509718985048,5,4,18.311362825376747,6.430731065530027,1.302980259335056,1488
gaussiano,0.2,0.5819950743508222,1.401924072893024,0.8173066864201831,5,4,18.38690919676156,6.738964497053054,1.2950603616850394,1488
gaussiano,0.5,0.9731342648335086,2.965618483063393,2.38976731210536,5,4,19.72092250173415,7.2227421578581374,1.259647994768811,1488
acotado,0.01,0.033700127764924925,0.07596601145728221,0.033700127764924925,5,4,18.544312847139754,6.389270556304413,1.3124912965576319,1488
acotado,0.05,0.0770794323757622,0.1784526995778417,0.1165506868189965,5,4,18.60967996838491,6.323205754189676,1.3152586731575293,1488
acotado,0.1,0.2523059522590847,0.682688986042747,0.2566146689944637,5,4,17.904257539501543,6.197010699180371,1.319287008520798,1488
acotado,0.2,0.45959686414941725,1.5436553786471594,0.566015648589438,5,4,19.486958445039743,7.167570525807546,1.2737146108819268,1488
acotado,0.5,0.9731342648335086,2.012304200761733,1.1102032298334232,5,4,18.55375775976319,6.271448309154817,1.2640340998194293,1488
gaussiano,0.01,0.03660404172898679,0.07080026274668749,0.041482558004596104,4,3,13.117342298638945,6.504333222669402,0.9980618362360245,560
gaussiano,0.05,0.19264485259441066,0.329492405798243,0.3032748914000772,4,3,12.861463375915328,6.368527763521222,0.993377965592814,560
gaussiano,0.1,0.41384361160983496,1.09312779099128,0.6562331161007581,4,3,14.611038771605262,6.93169572507061,1.0199468489178003,560
gaussiano,0.2,1.0493510336264147,2.956580864265543,1.2056098223079188,4,3,8.927926277858681,5.121603762531881,0.8767152986548946,560
gaussiano,0.5,1.3431093619494376,3.303528798954466,2.857364015082301,5,3,17.10249201607172,7.898733510860703,1.0382417481600763,560
acotado,0.01,0.01989474605636521,0.03871926442785378,0.03153570406085926,4,3,13.116094866726144,6.499624185700782,0.9968619409032324,560
acotado,0.05,0.17856420874685375,0.3430718959024548,0.18248141443054022,4,3,13.540259785843185,6.611643479463359,1.0010575592335664,560
acotado,0.1,0.1393629388122437,0.3196557697671083,0.22239825973834693,4,3,13.436453912546982,6.60433184524641,0.9910213975200101,560
acotado,0.2,0.6472804703247501,0.9732963737146831,0.689287621482515,4,3,12.480059306594441,6.612373208373234,0.9391407083238406,560
acotado,0.5,0.8925065131317882,1.7065060625940114,1.3772697505052385,4,3,11.741583022597533,5.167008032699838,1.0374175226094495,560
gaussiano,0.01,0.05532901793703715,0.1298963271399458,0.05532901793703715,5,4,12.56872070821938,4.631632386723577,1.1798565560915513,49
gaussiano,0.05,0.22566600263695658,0.5351490910119162,0.226429330888944,6,4,13.155101915638271,4.713846882166838,1.2026834239062696,49
gaussiano,0.1,0.43216357431230945,0.8589891558182736,0.7541810717061304,5,4,11.879227715296516,4.598795011441515,1.1399847924989164,49
gaussiano,0.2,0.6152309141821517,1.2807244605942067,0.7309103947635806,5,4,12.323506859037408,4.365621900383796,1.1580418140223498,49
gaussiano,0.5,2.7686016148307324,4.197678072742285,3.0427228767660006,5,3,18.97294798080386,7.148088088532008,1.0957389773993191,49
acotado,0.01,0.029161662136465427,0.08291886749993183,0.029176912446327474,6,4,12.560027298655648,4.644115889590176,1.183522813638998,49
acotado,0.05,0.10086475504113501,0.294417092851033,0.10807468071073423,5,4,12.75849387903906,4.742927926016213,1.1761737495734343,49
acotado,0.1,0.16545340753152815,0.4358349790363971,0.2831981519737723,5,4,12.520093667592779,4.558376172824774,1.164856499706998,49
acotado,0.2,0.3087386432478709,0.8402284932603052,0.571321705011802,5,4,12.340899487107588,4.504854273935374,1.2122544321174882,49
acotado,0.5,1.3490401595313433,2.683539159158106,1.377059726370514,4,3,11.980866638615353,5.003170950458733,1.078232249999402,49
gaussiano,0.01,0.039386435889304794,0.10461747866958815,0.047308624802632426,5,4,8.1891308214887,3.8099973521628105,1.0487444332747817,1113
gaussiano,0.05,0.18566111613427183,0.3704557464924897,0.20524393490222004,5,4,8.18913231457023,3.7228168763835967,1.0793704932758628,1113
gaussiano,0.1,0.3066883955998544,0.7648646687955578,0.555208564245119,5,4,8.422584124245702,3.7353586552127624,1.103304856398713,1113
gaussiano,0.2,0.493223752956796,1.251948792814369,1.3314403019810683,4,3,7.102342953079954,3.3221647353722585,0.9902455259773058,1113
gaussiano,0.5,1.6800066801603055,3.2907064347291306,2.1555419478657187,5,4,6.207849125408439,2.831138118801626,1.1367179748023195,1113
acotado,0.01,0.02408062813415035,0.06192956899320681,0.031203566407374206,5,4,8.028755580080734,3.7148087271094594,1.03519661632095,1113
acotado,0.05,0.15902721142482124,0.2912554988622351,0.19411212331408562,5,4,8.179166507294006,3.791309587275,1.0843156874923212,1113
acotado,0.1,0.13012328856078137,0.44481437455810136,0.20282776316215534,5,4,7.84929170780851,3.5533390890806595,1.0333400842329592,1113
acotado,0.2,0.35978451540124146,1.1486474245220721,0.4839921164827548,5,4,8.169286700253608,3.6104312287144427,1.1412157704318227,1113
acotado,0.5,1.0004253872321773,3.5758798473308806,1.5977300555086686,5,4,10.463190264656049,4.216015455591142,1.3158073043306442,1113
gaussiano,0.01,0.03434525681599998,0.09172866049511896,0.04015701078058287,5,3,6.070702358326297,3.65543962239159,0.9920085386768118,1310
gaussiano,0.05,0.15611400718791157,0.34500621220286287,0.2390980990450673,5,3,5.6622541944610685,3.446282496660178,0.9476306395512033,1310
gaussiano,0.1,0.34551683984038306,0.6164818878439197,0.567340044983704,5,3,5.796189849032087,3.5615308797532252,0.9790006053907035,1310
gaussiano,0.2,0.545042633884891,1.3143754802867775,1.0454075313126865,5,4,6.243175187990483,3.905202162447334,0.9934581966211615,1310
gaussiano,0.5,0.9859816170279945,2.9075620778963724,3.1307543103453837,5,4,10.828417505016573,5.182932788371741,1.222676335105233,1310
acotado,0.01,0.031345864117903854,0.07086860727264138,0.03350171998797752,5,3,6.062741552706744,3.6490306551666745,0.9753659350788589,1310
acotado,0.05,0.10054943098342761,0.23184391705257223,0.16521153037744885,5,3,6.10773089480745,3.7065888992837985,0.9518100841102204,1310
acotado,0.1,0.17151499499867995,0.4769780849437555,0.26639327417581105,5,4,6.413086381895136,3.6436675989558465,1.0475301650255042,1310
acotado,0.2,0.23780242671774188,0.613821450225349,0.4854951720711769,4,3,5.334085882362076,3.664256339817085,0.8372429261202765,1310
acotado,0.5,0.8387142153962799,2.3622073876990903,1.3319922448333383,6,5,9.42510759451472,4.4202627824896945,1.3413230630781163,1310
gaussiano,0.01,0.03739262833675938,0.10621848926493549,0.03794124673414245,5,4,5.241559397949228,2.706887277819269,1.1275905538147453,1532
gaussiano,0.05,0.3327492552739679,0.5300386138171505,0.3925681974468445,5,3,4.6242082841990495,2.693077342591973,0.9646273589770262,1532
gaussiano,0.1,0.27126746977107297,0.7870955311332282,0.4074600720271917,5,3,5.975686294165487,2.8613624533381676,1.0917338882733152,1532
gaussiano,0.2,0.9196399605418943,1.5992811381726162,1.1060692435788293,4,3,6.312986515135028,3.4216143313038385,1.0066307658872038,1532
gaussiano,0.5,1.7666571213220168,5.331287072720491,2.7113976281943963,6,5,13.653073394270223,4.701655799143844,1.4965283304145534,1532
acotado,0.01,0.01945362057276856,0.051397483070795974,0.027523546921420283,5,4,5.1476697663633315,2.6735734021273556,1.1211038859738303,1532
acotado,0.05,0.10698179631672455,0.23345507125819037,0.10964367347018278,5,4,5.223313428566066,2.696619940012021,1.1377999911072414,1532
acotado,0.1,0.18696058865241755,0.5166138055058005,0.23055558194820946,5,4,5.356389884361963,2.4975789290314636,1.2148139733600556,1532
acotado,0.2,0.35693240487555955,0.871916106545596,0.4247544157756882,5,4,5.476588486255453,2.856442071762693,1.1827554600958523,1532
acotado,0.5,1.174773551161333,2.4351418488651153,1.45689559679791,5,4,5.483849145849401,2.3495471023226666,1.2103778169089565,1532
gaussiano,0.01,0.0647424839610593,0.07796534927522658,0.06498725429954455,3,2,7.74166421320308,4.1936370622306836,0.6896658422897772,1334
gaussiano,0.05,0.3337634604900033,0.4763005503194623,0.3354624188927826,3,2,7.349625190637157,3.95560540358941,0.6902250813209037,1334
gaussiano,0.1,0.49133121543663627,0.7787134463194585,0.5206425494531932,3,2,8.993780017898601,4.587686343784505,0.6929433301346933,1334
gaussiano,0.2,0.3655874181704481,0.5989980133866648,0.759931026426014,3,2,8.521430568509262,4.791389782350387,0.6853705793685598,1334
gaussiano,0.5,1.3255519241753366,2.5744447841833282,1.5597070004183085,3,2,7.560654638688248,4.514794630909707,0.6741529517812277,1334
acotado,0.01,0.029594232117421623,0.035245680230668874,0.03431745034969458,3,2,7.893713743074463,4.254144308331475,0.690113314129055,1334
acotado,0.05,0.21856391548957077,0.32931966334731033,0.2291260914100709,3,2,7.564336229716719,4.2615362518419735,0.6850934815445637,1334
acotado,0.1,0.18498758285618777,0.29829276018264306,0.4816465322588882,3,2,7.649167847332912,4.074303796894119,0.6910140530077848,1334
acotado,0.2,0.7577385637357108,0.9590248625451943,0.9347756621913574,3,2,7.127493123064259,3.774848319314864,0.691391706785845,1334
acotado,0.5,1.3371140520287068,1.837602524207599,2.0480732615067474,5,3,6.967167489601452,3.39485762090634,0.8658143801966752,1334
gaussiano,0.01,0.07045512309646429,0.13092329499764432,0.07308745207843992,5,4,4.734172046498244,3.332239518922467,0.9260557561284141,162
gaussiano,0.05,0.1817209082153311,0.6159314151656855,0.2353833760379196,5,4,5.141028025293036,3.3081487670043024,1.021196331118859,162
gaussiano,0.1,0.4321446506397968,1.0918482145478157,0.47717078253957984,5,4,5.35535862672299,3.8296010334091832,0.8767188004854551,162
gaussiano,0.2,0.39537744234622174,1.212980990346584,0.8076441119200228,5,2,4.7135725720059405,3.8420024530395764,0.5531451707791375,162
gaussiano,0.5,1.2657413875923273,3.1714179023368505,3.1119394337240713,5,4,8.645788908001915,4.2815461358799105,1.091223786639553,162
acotado,0.01,0.025016967159106007,0.06862748841416794,0.025016967159106007,5,4,4.80223214399588,3.394596528108514,0.9216762134996186,162
acotado,0.05,0.07752383630352733,0.2534368589796987,0.1139583865771816,5,4,4.680884773428021,3.384785093328233,0.8925865903458049,162
acotado,0.1,0.26978359389439044,0.7478501691204482,0.33709880467248887,5,3,4.414956741999367,3.489019600940494,0.6857317008514292,162
acotado,0.2,0.3190058623126284,1.1179243756016635,0.6496965818952201,5,4,5.785708777013637,3.55826836776588,1.0640719618532215,162
acotado,0.5,0.4711919419471162,1.116135588479076,1.462121589442538,3,2,3.111629610028574,2.831241375294791,0.3027917219122817,162
